Region,State,City,sales,profit,quantity,rows,orders,loss_rows,margin,sales_weighted_discount,loss_row_share
Central,Illinois,Arlington Heights,14.112,1.2348,6,1,1,0,0.0875,0.2,0.0
Central,Illinois,Aurora,7572.968,-1894.7196000000001,128,34,20,21,-0.25019511504604275,0.3381526239117873,0.6176470588235294
Central,Illinois,Bloomington,963.94,-432.1283,27,8,6,4,-0.4482937734713779,0.41270659999585035,0.5
Central,Illinois,Bolingbrook,218.308,-4.660999999999998,23,6,3,2,-0.021350568920974027,0.2432819685948293,0.3333333333333333
Central,Illinois,Buffalo Grove,831.399,-89.6478,10,2,2,1,-0.10782764954011251,0.32826152064171354,0.5
Central,Illinois,Carol Stream,1305.81,-39.8683,18,5,1,2,-0.03053147088780144,0.26054004793959307,0.4
Central,Illinois,Champaign,151.96,-182.352,5,1,1,1,-1.2,0.6,1.0
Central,Illinois,Chicago,48539.541,-6654.5688,1132,314,171,155,-0.13709583285923532,0.2996849619983016,0.49363057324840764
Central,Illinois,Danville,43.372,-69.3952,7,1,1,1,-1.6,0.8,1.0
Central,Illinois,Decatur,3169.473,-311.0325,77,22,9,9,-0.09813382224742095,0.2971661534898704,0.4090909090909091
Central,Illinois,Des Plaines,1493.212,-236.7674,24,6,2,5,-0.15856248141590076,0.2905393206055135,0.8333333333333334
Central,Illinois,Elmhurst,891.6279999999999,-212.13209999999998,14,4,2,2,-0.2379154759608267,0.27111889711852927,0.5
Central,Illinois,Evanston,1753.799,411.88379999999995,11,4,3,2,0.23485234054757698,0.21472683015556515,0.5
Central,Illinois,Frankfort,97.632,-26.055999999999997,10,2,2,1,-0.26687971156997703,0.32763028515240905,0.5
Central,Illinois,Freeport,215.82,-127.44979999999998,12,4,2,2,-0.5905374849411547,0.4884848484848486,0.5
Central,Illinois,Glenview,158.376,13.8579,3,1,1,0,0.08750000000000001,0.2,0.0
Central,Illinois,Highland Park,2035.096,-169.9406,28,7,3,5,-0.08350495504880359,0.29209039770114037,0.7142857142857143
Central,Illinois,Naperville,1288.3029999999999,-146.5324,33,8,5,5,-0.11374063399681597,0.2533007374817881,0.625
Central,Illinois,Normal,366.744,-110.0232,4,1,1,1,-0.3,0.3,1.0
Central,Illinois,Oak Park,10.192,1.0192,7,1,1,0,0.1,0.2,0.0
Central,Illinois,Orland Park,339.96,67.992,5,1,1,0,0.20000000000000004,0.20000000000000004,0.0
Central,Illinois,Oswego,321.978,-536.1275999999999,13,3,1,2,-1.665106311611352,0.7754765853567636,0.6666666666666666
Central,Illinois,Palatine,116.312,23.2624,7,1,1,0,0.2,0.2,0.0
Central,Illinois,Park Ridge,685.0,-238.45,17,3,3,1,-0.34810218978102186,0.34875562043795616,0.3333333333333333
Central,Illinois,Peoria,501.47999999999996,-72.7587,23,7,4,7,-0.14508793969849249,0.32460596633963473,1.0
Central,Illinois,Quincy,330.284,49.1019,40,9,6,3,0.14866569376657665,0.21488900461421082,0.3333333333333333
Central,Illinois,Rockford,3166.228,-1149.5077999999999,64,11,8,7,-0.36305275551855387,0.362668260150564,0.6363636363636364
Central,Illinois,Romeoville,8.952,-14.7708,2,1,1,1,-1.65,0.8,1.0
Central,Illinois,Saint Charles,1388.71,216.63979999999998,20,6,3,3,0.15600074889645785,0.26940786773336406,0.5
Central,Illinois,Skokie,568.832,-346.87,44,11,5,7,-0.6097934012151215,0.4752250225022502,0.6363636363636364
Central,Illinois,Tinley Park,22.288,-8.9152,7,1,1,1,-0.4,0.6,1.0
Central,Illinois,Wheeling,737.142,-293.31780000000003,9,3,2,2,-0.39791220687465917,0.45245529355266695,0.6666666666666666
Central,Illinois,Woodstock,857.2500000000001,-24.8859,15,3,3,2,-0.029029921259842516,0.3048221638961796,0.6666666666666666
Central,Indiana,Bloomington,603.8,182.7733,31,7,4,0,0.30270503477972843,0.0,0.0
Central,Indiana,Columbus,7960.4,2522.4846000000002,114,34,16,0,0.3168791266770514,0.0,0.0
Central,Indiana,Elkhart,171.43,16.6721,7,2,1,0,0.0972531062241148,0.0,0.0
Central,Indiana,Greenwood,1665.0500000000002,471.73220000000003,19,4,2,0,0.28331413471066935,0.0,0.0
Central,Indiana,Indianapolis,9306.42,2741.6538,95,23,12,0,0.29459811613918135,0.0,0.0
Central,Indiana,La Porte,1021.34,224.51299999999998,33,8,3,0,0.21982199855092327,0.0,0.0
Central,Indiana,Lafayette,19630.45,8976.097300000001,43,12,7,0,0.45725377156407526,0.0,0.0
Central,Indiana,Lawrence,1545.13,532.7429999999999,52,11,6,0,0.3447884644010536,0.0,0.0
Central,Indiana,Mishawaka,776.24,96.59200000000001,11,2,2,0,0.12443574152324025,0.0,0.0
Central,Indiana,New Albany,209.55,73.3529,15,4,1,0,0.3500496301598664,0.0,0.0
Central,Indiana,New Castle,84.61,23.0839,9,2,1,0,0.2728270889965725,0.0,0.0
Central,Indiana,Noblesville,3091.1800000000003,353.313,15,4,2,0,0.11429712925161264,0.0,0.0
Central,Indiana,Portage,16.28,6.512,2,1,1,0,0.39999999999999997,0.0,0.0
Central,Indiana,Richmond,6235.15,1881.8619999999999,107,29,14,0,0.301815032517261,0.0,0.0
Central,Indiana,South Bend,1238.33,279.5512,25,6,1,0,0.22574854844831346,0.0,0.0
Central,Iowa,Burlington,57.43,26.671400000000002,9,3,2,0,0.46441581055197634,0.0,0.0
Central,Iowa,Cedar Rapids,278.4,80.736,3,1,1,0,0.29000000000000004,0.0,0.0
Central,Iowa,Des Moines,2008.8400000000001,360.4009,43,12,5,0,0.1794074689870771,0.0,0.0
Central,Iowa,Dubuque,1687.3,477.6744,18,3,2,0,0.28309986368754814,0.0,0.0
Central,Iowa,Iowa City,9.99,4.4955,1,1,1,0,0.44999999999999996,0.0,0.0
Central,Iowa,Marion,358.36,164.2909,22,6,3,0,0.4584521151914276,0.0,0.0
Central,Iowa,Urbandale,149.12,57.718,12,3,2,0,0.3870574034334764,0.0,0.0
Central,Iowa,Waterloo,30.32,11.8248,4,1,1,0,0.39,0.0,0.0
Central,Kansas,Garden City,312.38,90.6259,8,5,3,0,0.29011428388501187,0.0,0.0
Central,Kansas,Manhattan,273.96,10.9584,2,1,1,0,0.04,0.0,0.0
Central,Kansas,Olathe,895.79,207.4108,15,5,2,0,0.23153953493564342,0.0,0.0
Central,Kansas,Overland Park,606.91,203.5218,23,6,3,0,0.33534098960307135,0.0,0.0
Central,Kansas,Wichita,825.27,323.9266,26,7,5,0,0.3925098452627625,0.0,0.0
Central,Michigan,Ann Arbor,889.273,228.9158,23,5,2,0,0.2574190377982914,0.003306408718132677,0.0
Central,Michigan,Canton,818.13,149.2776,13,3,2,0,0.18246195592387518,0.0,0.0
Central,Michigan,Dearborn,1603.3100000000002,467.3864,23,5,2,0,0.29151343158840143,0.034628986284623686,0.0
Central,Michigan,Dearborn Heights,1051.5700000000002,140.8905,19,6,2,0,0.13398109493424115,0.0,0.0
Central,Michigan,Detroit,42446.944,13181.790799999999,441,115,53,0,0.3105474636760658,0.01205527069274999,0.0
Central,Michigan,Grand Rapids,526.13,233.92270000000002,31,7,6,0,0.4446100773573072,0.0,0.0
Central,Michigan,Holland,137.86,66.6588,11,3,2,0,0.4835253155375018,0.0,0.0
Central,Michigan,Jackson,15420.036,5525.1992,132,38,14,0,0.35831298967136005,0.004021041196012772,0.0
Central,Michigan,Lansing,1610.286,412.8734,25,8,3,0,0.2563975591913486,0.03999761533044441,0.0
Central,Michigan,Lincoln Park,387.602,68.3691,11,3,2,0,0.17638995670816973,0.043160768004293075,0.0
Central,Michigan,Midland,5291.512,2293.6828,39,12,5,0,0.4334645371682045,0.003528896844606986,0.0
Central,Michigan,Mount Pleasant,17.14,6.1704,2,1,1,0,0.36,0.0,0.0
Central,Michigan,Oak Park,580.8599999999999,151.0236,5,2,1,0,0.26,0.0,0.0
Central,Michigan,Rochester Hills,132.52,54.3332,4,1,1,0,0.41,0.0,0.0
Central,Michigan,Roseville,638.33,268.9149,21,6,4,0,0.4212788056334497,0.0,0.0
Central,Michigan,Royal Oak,35.34,16.9632,4,2,2,0,0.48,0.0,0.0
Central,Michigan,Saginaw,395.86,77.18010000000001,24,6,2,0,0.1949681705653514,0.0,0.0
Central,Michigan,Sterling Heights,110.03999999999999,33.0676,11,3,3,0,0.30050527081061434,0.0,0.0
Central,Michigan,Taylor,353.7,44.8682,7,3,3,0,0.1268538309301668,0.0,0.0
Central,Michigan,Trenton,1765.1950000000002,652.0998,54,13,4,0,0.3694208288602675,0.009491019405788028,0.0
Central,Michigan,Westland,2057.976,389.5995,46,13,3,0,0.18931197448366743,0.012036875065598434,0.0
Central,Minnesota,Apple Valley,137.94,8.9706,5,2,2,0,0.06503262287951282,0.0,0.0
Central,Minnesota,Coon Rapids,503.13,136.4532,7,2,1,0,0.2712086339514639,0.0,0.0
Central,Minnesota,Cottage Grove,144.35999999999999,54.796800000000005,6,2,1,0,0.37958437240232756,0.0,0.0
Central,Minnesota,Eagan,214.28,87.0338,22,8,3,0,0.4061685644950532,0.0,0.0
Central,Minnesota,Lakeville,4260.95,1346.6021,84,15,5,0,0.3160333024325562,0.0,0.0
Central,Minnesota,Maple Grove,882.87,385.01009999999997,13,4,2,0,0.4360892317102178,0.0,0.0
Central,Minnesota,Minneapolis,16870.54,6824.584599999999,80,23,13,0,0.4045267430680938,0.0,0.0
Central,Minnesota,Moorhead,543.86,101.4106,9,2,2,0,0.18646453131320562,0.0,0.0
Central,Minnesota,Rochester,1957.4,520.204,50,17,8,0,0.2657627465004598,0.0,0.0
Central,Minnesota,Roseville,2215.52,667.5272,20,6,2,0,0.30129594858092007,0.0,0.0
Central,Minnesota,Saint Cloud,1331.82,469.614,13,3,1,0,0.352610713159436,0.0,0.0
Central,Minnesota,Saint Paul,192.82999999999998,24.8842,11,2,2,0,0.12904734740444954,0.0,0.0
Central,Minnesota,Woodbury,607.65,196.09619999999998,11,3,2,0,0.3227124166872377,0.0,0.0
Central,Missouri,Columbia,2990.04,1106.7719,38,10,3,0,0.3701528742090407,0.0,0.0
Central,Missouri,Gladstone,164.34,52.5888,5,2,1,0,0.32,0.0,0.0
Central,Missouri,Independence,2417.37,975.663,6,2,2,0,0.4036051576713536,0.0,0.0
Central,Missouri,Jefferson City,86.62,8.662,2,1,1,0,0.1,0.0,0.0
Central,Missouri,Kirkwood,241.34,47.1344,7,2,1,0,0.19530289218529875,0.0,0.0
Central,Missouri,Saint Charles,270.94,94.8436,13,4,3,0,0.350053886469329,0.0,0.0
Central,Missouri,Saint Louis,285.96000000000004,98.5541,26,5,4,0,0.344642957056931,0.0,0.0
Central,Missouri,Saint Peters,697.16,146.4036,4,1,1,0,0.21000000000000002,0.0,0.0
Central,Missouri,Springfield,15051.380000000001,3905.5890999999997,151,39,14,0,0.2594837881974941,0.0,0.0
Central,Nebraska,Fremont,1119.0099999999998,179.4696,33,8,7,0,0.16038248094297644,0.0,0.0
Central,Nebraska,Grand Island,15.96,7.98,2,1,1,0,0.5,0.0,0.0
Central,Nebraska,Norfolk,17.43,8.0178,3,1,1,0,0.45999999999999996,0.0,0.0
Central,Nebraska,Omaha,6312.53,1841.6268,98,28,14,0,0.2917414729118119,0.0,0.0
Central,North Dakota,Fargo,919.91,230.1497,30,7,2,0,0.25018719222532637,0.0,0.0
Central,Oklahoma,Broken Arrow,2439.53,575.5226,17,5,3,0,0.2359153607457174,0.0,0.0
Central,Oklahoma,Edmond,959.55,243.10389999999998,9,2,1,0,0.25335198791099994,0.0,0.0
Central,Oklahoma,Lawton,1057.49,235.50850000000003,13,4,2,0,0.22270517924519384,0.0,0.0
Central,Oklahoma,Muskogee,1721.7,442.5966,14,4,2,0,0.2570695243073706,0.0,0.0
Central,Oklahoma,Norman,1351.3300000000002,269.5287,9,2,2,0,0.19945438937935217,0.0,0.0
Central,Oklahoma,Oklahoma City,6596.820000000001,1580.7607,78,23,11,0,0.23962465248407563,0.0,0.0
Central,Oklahoma,Tulsa,5556.97,1506.935,107,26,13,0,0.271179257760974,0.0,0.0
Central,South Dakota,Aberdeen,25.5,6.63,3,1,1,0,0.26,0.0,0.0
Central,South Dakota,Rapid City,152.64000000000001,44.7684,4,2,1,0,0.2932940251572327,0.0,0.0
Central,South Dakota,Sioux Falls,1137.42,343.4299,35,9,3,0,0.30193763077842833,0.0,0.0
Central,Texas,Abilene,1.392,-3.7584,2,1,1,1,-2.7,0.8,1.0
Central,Texas,Allen,290.206,-39.8775,13,4,2,3,-0.137411011488391,0.3022411666195737,0.75
Central,Texas,Amarillo,3773.0628,-387.9683,32,10,7,4,-0.10282582627567184,0.2837218336254567,0.4
Central,Texas,Arlington,5847.772,-254.38859999999997,131,28,10,16,-0.04350179863373606,0.2532096326600969,0.5714285714285714
Central,Texas,Austin,6057.982,-20.393799999999967,131,39,18,19,-0.003366434565173678,0.2700475504879348,0.48717948717948717
Central,Texas,Baytown,10.368,3.6288,2,1,1,0,0.35,0.20000000000000004,0.0
Central,Texas,Beaumont,472.11600000000004,59.11639999999999,21,5,3,3,0.12521583678587464,0.22100670174279205,0.6
Central,Texas,Bedford,226.25600000000003,10.6202,25,5,2,1,0.046938865709638636,0.23411357046884945,0.2
Central,Texas,Brownsville,1292.2268000000001,202.072,27,7,4,3,0.15637502642724943,0.24028560311549027,0.42857142857142855
Central,Texas,Bryan,616.656,-213.7116,27,6,2,6,-0.346565345995174,0.3202086738797644,1.0
Central,Texas,Carrollton,2200.6459999999997,-470.21389999999997,50,15,8,7,-0.2136708493778645,0.2990263768002669,0.4666666666666667
Central,Texas,Cedar Hill,122.376,42.8316,6,2,2,0,0.35,0.20000000000000004,0.0
Central,Texas,College Station,291.042,-117.6224,19,3,2,2,-0.4041423574604353,0.3405054940524049,0.6666666666666666
Central,Texas,Conroe,111.672,6.9795,9,1,1,0,0.0625,0.20000000000000004,0.0
Central,Texas,Coppell,135.936,41.4892,17,4,2,1,0.30521127589453856,0.2,0.25
Central,Texas,Corpus Christi,220.54399999999998,-43.7304,33,8,3,5,-0.1982842426001161,0.4196532211259431,0.625
Central,Texas,Dallas,20131.9322,-2846.5257,555,157,80,73,-0.14139356678342083,0.2922320771575021,0.46496815286624205
Central,Texas,Deer Park,6.924,-10.386,6,1,1,1,-1.4999999999999998,0.8000000000000002,1.0
Central,Texas,Edinburg,88.27600000000001,27.8086,11,3,2,1,0.31501880465811766,0.21405591553763195,0.3333333333333333
Central,Texas,El Paso,3546.064,-179.9007,65,19,10,10,-0.05073250228986279,0.267676274314282,0.5263157894736842
Central,Texas,Fort Worth,6602.7064,298.73269999999997,102,27,12,15,0.04524397753018368,0.23668553973564538,0.5555555555555556
Central,Texas,Frisco,57.504,-18.8016,10,2,2,2,-0.32696160267111857,0.4110183639398998,1.0
Central,Texas,Garland,67.704,-32.373,12,4,3,2,-0.4781549096065225,0.41297412265154204,0.5
Central,Texas,Grand Prairie,1012.486,-85.2311,45,13,7,7,-0.08418002816829072,0.2853659211090326,0.5384615384615384
Central,Texas,Grapevine,41.528,8.7749,12,2,1,0,0.21130080909266039,0.2,0.0
Central,Texas,Haltom City,269.32800000000003,51.955799999999996,13,4,2,0,0.1929090180003564,0.19999999999999998,0.0
Central,Texas,Harlingen,471.404,18.1275,21,5,2,1,0.03845427701080178,0.2614331656074196,0.2
Central,Texas,Houston,64504.7604,-10153.548499999999,1466,377,188,185,-0.1574077391658678,0.3183827519185701,0.4907161803713528
Central,Texas,Huntsville,6710.6168,-843.4264000000001,121,26,10,16,-0.12568537664078808,0.281555063015966,0.6153846153846154
Central,Texas,Irving,605.5,-100.51250000000002,23,8,5,4,-0.16599917423616847,0.25838876961189106,0.5
Central,Texas,Keller,6.0,2.1,2,1,1,0,0.35000000000000003,0.20000000000000004,0.0
Central,Texas,La Porte,30.392,-32.5272,6,2,1,2,-1.0702553303500921,0.7078704922347987,1.0
Central,Texas,Laredo,1024.34,-54.613899999999994,37,13,4,3,-0.05331618407950485,0.25965909756526157,0.23076923076923078
Central,Texas,League City,875.3679999999999,-31.349899999999998,25,6,2,2,-0.03581339505213807,0.28755357746684823,0.3333333333333333
Central,Texas,Lubbock,592.564,147.1387,22,6,4,3,0.24830853713691686,0.23464672170432227,0.5
Central,Texas,Mansfield,558.877,-66.7913,13,2,2,1,-0.1195098384796655,0.29257940477063826,0.5
Central,Texas,Mcallen,866.716,-163.87169999999998,54,19,4,7,-0.18907196821104028,0.2706263643454142,0.3684210526315789
Central,Texas,Mesquite,52.147999999999996,-87.61999999999999,14,5,3,3,-1.6802178415279587,0.6521438981360743,0.6
Central,Texas,Missouri City,6.37,-9.555,7,1,1,1,-1.5,0.8,1.0
Central,Texas,Odessa,976.1239999999999,-69.71180000000001,22,5,4,3,-0.071416951125062,0.30102384533112597,0.6
Central,Texas,Pasadena,2477.458,-340.10499999999996,59,17,9,7,-0.13727982472356745,0.3337595228657761,0.4117647058823529
Central,Texas,Pearland,494.996,39.4131,13,3,2,1,0.07962306766115282,0.2136098069479349,0.3333333333333333
Central,Texas,Pharr,1540.708,-237.5528,22,4,2,4,-0.15418418025998434,0.21394397900186146,1.0
Central,Texas,Plano,3530.3746,-383.0554,48,15,8,6,-0.10850276341779708,0.28371518761776726,0.4
Central,Texas,Port Arthur,737.0528,105.77600000000001,12,6,3,1,0.1435121065953484,0.24007302597588664,0.16666666666666666
Central,Texas,Richardson,1288.4640000000002,-24.4893,12,2,1,1,-0.019006584584435417,0.25927057333383,0.5
Central,Texas,Round Rock,4854.0527999999995,-1183.4313,23,7,3,3,-0.24380272501362163,0.23012870729383086,0.42857142857142855
Central,Texas,San Angelo,650.636,-58.5532,13,4,2,4,-0.0899937906909547,0.3089512415544175,1.0
Central,Texas,San Antonio,21843.528,-7299.050200000001,247,59,27,33,-0.3341516168999807,0.39154031345119716,0.559322033898305
Central,Texas,San Marcos,108.44399999999999,-19.3413,12,4,1,3,-0.17835288259378115,0.23810999225406665,0.75
Central,Texas,Texas City,790.972,20.221799999999995,7,3,2,2,0.025565759597052734,0.30000000000000004,0.6666666666666666
Central,Texas,The Colony,142.16000000000003,31.6586,14,3,2,0,0.22269696117051205,0.19999999999999998,0.0
Central,Texas,Tyler,347.206,-443.7086,16,5,2,4,-1.2779404733789161,0.7043956613652991,0.8
Central,Texas,Waco,606.1072,-520.1034,17,6,4,4,-0.85810463891536,0.5091530739116777,0.6666666666666666
Central,Wisconsin,Appleton,1671.31,554.7663,12,2,2,0,0.33193500906474566,0.0,0.0
Central,Wisconsin,Eau Claire,1645.65,427.49780000000004,21,6,4,0,0.2597744356333364,0.0,0.0
Central,Wisconsin,Franklin,4774.25,1292.7752,48,9,5,0,0.2707807927946798,0.0,0.0
Central,Wisconsin,Green Bay,527.3199999999999,228.4764,14,4,4,0,0.43327846468937276,0.0,0.0
Central,Wisconsin,Kenosha,3906.73,1028.0728,37,9,3,0,0.2631543003995669,0.0,0.0
Central,Wisconsin,La Crosse,830.41,272.0761,22,5,2,0,0.32764068351778036,0.0,0.0
Central,Wisconsin,Madison,5346.79,1123.6552,37,10,4,0,0.21015510240723873,0.0,0.0
Central,Wisconsin,Milwaukee,11410.22,2793.0851000000002,201,45,23,0,0.24478801460445113,0.0,0.0
Central,Wisconsin,Sheboygan,79.74000000000001,34.3419,10,4,1,0,0.430673438675696,0.0,0.0
Central,Wisconsin,Superior,1299.73,514.0822000000001,37,9,2,0,0.39552999469120514,0.0,0.0
Central,Wisconsin,Waukesha,54.5,14.17,5,1,1,0,0.26,0.0,0.0
Central,Wisconsin,Wausau,317.48,90.4306,14,4,1,0,0.28483872999874005,0.0,0.0
Central,Wisconsin,West Allis,250.48000000000002,28.370800000000003,5,2,1,0,0.11326572979878634,0.0,0.0
East,Connecticut,Bristol,814.58,208.1567,17,8,3,1,0.2555386825112328,0.02598639789830342,0.125
East,Connecticut,Danbury,27.46,9.8856,2,1,1,0,0.36,0.0,0.0
East,Connecticut,Fairfield,4935.577,1221.6226,80,19,12,1,0.24751363417083755,0.011050197373073096,0.05263157894736842
East,Connecticut,Manchester,2126.28,600.5054,42,11,4,0,0.2824206595556559,0.0,0.0
East,Connecticut,Meriden,1550.6799999999998,470.2212,32,11,5,0,0.30323548378775766,0.0,0.0
East,Connecticut,Middletown,1154.61,157.6159,28,9,7,0,0.13651007699569553,0.0,0.0
East,Connecticut,Milford,961.74,319.054,30,6,3,0,0.3317466259072098,0.0,0.0
East,Connecticut,Norwich,414.03999999999996,164.08960000000002,12,4,4,0,0.3963133996715294,0.0,0.0
East,Connecticut,Shelton,73.33,21.4053,5,2,1,0,0.2919037228964953,0.0,0.0
East,Connecticut,Waterbury,1326.06,338.9355,33,11,5,0,0.2555959006379802,0.0,0.0
East,Delaware,Dover,449.12,116.131,22,9,6,0,0.2585745457784111,0.0,0.0
East,Delaware,Newark,20448.05,8086.1715,225,60,29,0,0.3954495171911258,0.0,0.0
East,Delaware,Wilmington,6553.899,1775.0723,120,27,9,2,0.2708421811199715,0.02335765320765547,0.07407407407407407
East,District of Columbia,Washington,2865.02,1059.5892999999999,40,10,4,0,0.369836615451201,0.0,0.0
East,Maine,Bangor,1164.45,422.2204,29,5,2,0,0.3625921250375714,0.0,0.0
East,Maine,Lewiston,106.08000000000001,32.2658,6,3,1,0,0.3041647812971342,0.0,0.0
East,Maryland,Baltimore,6156.842000000001,1676.198,184,43,21,1,0.2722496370704332,0.011663706815929334,0.023255813953488372
East,Maryland,Clinton,5514.251,1274.2421,119,29,10,1,0.23108162831180515,0.029945916498904383,0.034482758620689655
East,Maryland,Columbia,10962.35,3775.2237,90,23,9,0,0.34438087636318854,0.0,0.0
East,Maryland,Gaithersburg,405.91999999999996,105.541,5,2,1,0,0.2600044343713047,0.0,0.0
East,Maryland,Hagerstown,43.8,20.586,6,1,1,0,0.47,0.0,0.0
East,Maryland,Laurel,152.59,46.1733,5,2,1,0,0.30259715577691854,0.0,0.0
East,Maryland,Rockville,469.77,133.2147,11,5,3,0,0.28357430231815567,0.0,0.0
East,Massachusetts,Andover,435.84999999999997,124.1886,13,4,1,0,0.2849342663760468,0.0,0.0
East,Massachusetts,Beverly,2583.19,654.9194,15,3,1,0,0.253531253992157,0.0,0.0
East,Massachusetts,Cambridge,502.09000000000003,173.7276,19,6,3,0,0.346008882869605,0.0,0.0
East,Massachusetts,Everett,5661.878,1360.0809,83,21,8,0,0.2402172741977132,0.02363533795676982,0.0
East,Massachusetts,Franklin,5534.559,464.6287000000001,60,17,9,3,0.08395044663901859,0.13846572057502685,0.17647058823529413
East,Massachusetts,Holyoke,301.96,60.392,2,1,1,0,0.2,0.0,0.0
East,Massachusetts,Lawrence,6109.062,1849.4035,114,33,15,2,0.3027311721504872,0.035398167509185535,0.06060606060606061
East,Massachusetts,Leominster,217.49,79.5016,20,6,2,0,0.36554140420249204,0.0,0.0
East,Massachusetts,Lowell,4837.93,1312.5717,60,16,7,0,0.2713085348485819,0.0,0.0
East,Massachusetts,Malden,228.38,31.1692,9,3,2,0,0.1364795516244855,0.0,0.0
East,Massachusetts,Marlborough,206.64,67.60679999999999,6,2,1,0,0.3271718931475029,0.0,0.0
East,Massachusetts,New Bedford,235.96999999999997,50.4861,22,5,4,0,0.21395134974784932,0.0,0.0
East,Massachusetts,Quincy,946.175,297.9889,44,11,5,0,0.3149405765318255,0.07755911961317939,0.0
East,Massachusetts,Revere,833.26,258.8366,24,7,3,0,0.3106312555504884,0.0,0.0
East,New Hampshire,Concord,2827.63,787.6271,64,15,10,0,0.278546733483518,0.0,0.0
East,New Hampshire,Dover,4428.954,905.3631,53,10,5,1,0.20441916985364944,0.0713372051278925,0.1
East,New Hampshire,Nashua,35.94,13.512599999999999,10,2,2,0,0.3759766277128548,0.0,0.0
East,New Jersey,Atlantic City,23.36,11.68,2,1,1,0,0.5,0.0,0.0
East,New Jersey,Bayonne,183.4,79.403,9,3,1,0,0.4329498364231189,0.0,0.0
East,New Jersey,Belleville,1891.6000000000001,283.6492,32,10,4,0,0.1499519983083104,0.0,0.0
East,New Jersey,Bridgeton,52.410000000000004,3.4415999999999998,6,2,1,0,0.06566685746994848,0.0,0.0
East,New Jersey,Clifton,336.82,98.58840000000001,9,2,1,0,0.29270352116857673,0.0,0.0
East,New Jersey,East Orange,377.27,174.6191,20,5,2,0,0.4628491531264082,0.0,0.0
East,New Jersey,Hackensack,1456.16,451.2547,28,6,2,0,0.309893624326997,0.0,0.0
East,New Jersey,Lakewood,14852.04,3526.6735000000003,93,24,11,0,0.2374538110589522,0.0,0.0
East,New Jersey,Linden,115.36,49.6048,7,1,1,0,0.43,0.0,0.0
East,New Jersey,Morristown,5033.099999999999,1838.2271,31,7,5,0,0.365227613200612,0.0,0.0
East,New Jersey,New Brunswick,14.77,7.156700000000001,3,2,1,0,0.4845429925524713,0.0,0.0
East,New Jersey,Orange,211.11,66.5698,17,6,5,0,0.3153322912225854,0.0,0.0
East,New Jersey,Passaic,1562.086,356.8186,24,6,1,1,0.22842442733626703,0.03347178068300977,0.16666666666666666
East,New Jersey,Paterson,2243.21,740.49,62,20,6,0,0.3301028436927439,0.0,0.0
East,New Jersey,Perth Amboy,1717.08,633.644,22,8,4,0,0.36902415729028354,0.0,0.0
East,New Jersey,Plainfield,4526.85,1235.6657,49,13,7,0,0.272963694401184,0.0,0.0
East,New Jersey,Vineland,647.966,62.2518,24,8,4,1,0.0960726334406435,0.11297166826654484,0.125
East,New Jersey,Westfield,519.72,153.17579999999998,16,6,4,0,0.2947275456014777,0.0,0.0
East,New York,Auburn,1384.158,280.8048,63,17,6,0,0.20287048154907172,0.0022436744938077883,0.0
East,New York,Buffalo,9063.496,992.8791000000001,46,10,7,1,0.10954703350671752,0.1534479851924688,0.1
East,New York,Freeport,523.3299999999999,107.3618,17,6,4,0,0.2051512430015478,0.02619341524468309,0.0
East,New York,Hempstead,2589.586,629.0645999999999,51,11,4,0,0.24292091477170483,0.1601583419125683,0.0
East,New York,Jamestown,4708.79,1285.7714999999998,9,2,2,0,0.27305772820618457,0.0,0.0
East,New York,Lindenhurst,55.48,26.6304,1,1,1,0,0.48000000000000004,0.0,0.0
East,New York,Long Beach,8521.2,1362.535,142,34,22,2,0.15989942731070741,0.08961728395061727,0.058823529411764705
East,New York,Mount Vernon,2119.632,662.5146,33,8,5,0,0.31256114268891955,0.0007314477230009737,0.0
East,New York,New Rochelle,1255.228,368.411,27,9,5,0,0.2935012603288008,0.06072315149120319,0.0
East,New York,New York City,256368.161,62036.9837,3417,915,450,40,0.24198396344544515,0.07825434961090975,0.04371584699453552
East,New York,Niagara Falls,199.84199999999998,59.238299999999995,12,3,2,0,0.2964256762842646,0.017726003542798813,0.0
East,New York,Oceanside,3851.126,655.1669,82,22,8,1,0.1701234651891421,0.0682072204337121,0.045454545454545456
East,New York,Rochester,6017.13,1223.2151000000001,120,36,20,2,0.2032887938269574,0.09143282594858346,0.05555555555555555
East,New York,Rome,534.852,154.2138,22,6,3,0,0.28832985573579234,0.016991990307599115,0.0
East,New York,Troy,1326.556,330.4355,57,15,6,0,0.24909276351695667,0.0411560461827469,0.0
East,New York,Utica,655.04,188.55960000000002,33,8,4,0,0.28785967269174406,0.009159745969711773,0.0
East,New York,Watertown,4044.998,907.0072,35,10,7,0,0.22422933212822355,0.1718899737404073,0.0
East,New York,Yonkers,7657.666,2767.7557,57,15,6,1,0.3614359388356714,0.04632973023372918,0.06666666666666667
East,Ohio,Akron,2729.986,-186.6356,65,21,10,10,-0.06836503923463344,0.2914070621607584,0.47619047619047616
East,Ohio,Bowling Green,1865.565,149.94490000000002,25,8,4,2,0.0803750606384661,0.3008645102154039,0.25
East,Ohio,Cincinnati,1611.976,175.3371,58,17,12,6,0.1087715325786488,0.3168476453743728,0.35294117647058826
East,Ohio,Cleveland,6346.185,-848.0079000000001,138,42,21,21,-0.13362483129628272,0.2955699999290912,0.5
East,Ohio,Columbus,15900.793,-729.5052,464,120,55,51,-0.04587854203246341,0.3224899726699165,0.425
East,Ohio,Cuyahoga Falls,29.093999999999998,-12.575199999999999,13,3,3,2,-0.4322265759263078,0.5564652505671273,0.6666666666666666
East,Ohio,Dublin,2379.16,-351.3045,51,13,5,5,-0.147659047731132,0.407269036130399,0.38461538461538464
East,Ohio,Elyria,1.824,-1.3984,1,1,1,1,-0.7666666666666667,0.7,1.0
East,Ohio,Fairfield,3077.697,-129.2881,75,17,10,7,-0.04200806642109343,0.2594032161060689,0.4117647058823529
East,Ohio,Grove City,123.588,13.1952,12,2,1,1,0.10676764734440237,0.408855228662977,0.5
East,Ohio,Hamilton,328.224,-9.385000000000002,13,4,3,1,-0.02859327776152872,0.2,0.25
East,Ohio,Kent,346.302,-11.3007,20,5,3,2,-0.032632499956685206,0.26236290867508705,0.4
East,Ohio,Lakewood,1756.324,-336.60810000000004,76,17,13,7,-0.19165489966543758,0.3719823904928704,0.4117647058823529
East,Ohio,Lancaster,8202.625,-7149.6179999999995,121,31,15,13,-0.8716256076560857,0.5389448499718078,0.41935483870967744
East,Ohio,Lorain,2015.1109999999999,-632.9229,35,9,5,3,-0.31408835543054453,0.3460332954363309,0.3333333333333333
East,Ohio,Marion,3010.986,-544.6532,41,14,8,6,-0.18088865242149912,0.34658341154691524,0.42857142857142855
East,Ohio,Mason,94.264,-4.235199999999999,7,3,1,2,-0.04492913519477212,0.33557667826529747,0.6666666666666666
East,Ohio,Medina,2477.722,-1343.0446,38,9,3,7,-0.5420481393796398,0.5552897379124857,0.7777777777777778
East,Ohio,Mentor,693.13,-123.27420000000002,15,6,1,2,-0.17785148529135952,0.3085115346327529,0.3333333333333333
East,Ohio,Newark,8128.0689999999995,-2292.4127,137,35,16,13,-0.28203656981750524,0.3553692396066027,0.37142857142857144
East,Ohio,Parma,3879.756,31.061799999999995,40,10,4,3,0.008006122034478456,0.29393941268471524,0.3
East,Ohio,Springfield,5613.167,-1420.1619999999998,137,36,19,20,-0.25300547801267975,0.32816484882776514,0.5555555555555556
East,Ohio,Toledo,4466.053,-339.99679999999995,122,32,15,14,-0.07612914580279274,0.35386519147891893,0.4375
East,Ohio,Troy,3180.535,-874.5873,55,14,8,10,-0.2749811902714481,0.39585337058073566,0.7142857142857143
East,Pennsylvania,Allentown,853.252,-226.4504,20,7,2,3,-0.2653968581380413,0.25835790598791447,0.42857142857142855
East,Pennsylvania,Altoona,20.451,-1.1835,9,2,1,1,-0.05787003080533959,0.30803872671263016,0.5
East,Pennsylvania,Bethlehem,1689.6339999999998,-1003.0958,18,5,2,4,-0.5936763819856846,0.642731502798831,0.8
East,Pennsylvania,Chester,1968.4789999999998,48.357800000000005,55,16,4,7,0.02456607360302041,0.2722266785675641,0.4375
East,Pennsylvania,Lancaster,1211.395,-168.88760000000002,35,10,8,7,-0.139415797489671,0.293624375203794,0.7
East,Pennsylvania,Philadelphia,109077.013,-13837.7674,1981,537,265,250,-0.12686236099992948,0.3330801632787653,0.4655493482309125
East,Pennsylvania,Reading,873.7120000000001,-268.76419999999996,16,5,4,2,-0.30761189041697945,0.379221528375483,0.4
East,Pennsylvania,York,817.978,-102.16919999999999,19,5,2,4,-0.12490458178581819,0.2980439571724423,0.8
East,Rhode Island,Cranston,4024.916,637.4977,52,16,5,3,0.15838782722422032,0.09423744495537296,0.1875
East,Rhode Island,Providence,15980.65,5505.6569,118,31,13,1,0.34452021037942765,0.009272213583302305,0.03225806451612903
East,Rhode Island,Warwick,2426.84,1063.7956,14,5,4,0,0.43834599726393164,0.0,0.0
East,Rhode Island,Woonsocket,195.55,78.6791,15,4,3,0,0.40234773715162364,0.0,0.0
East,Vermont,Burlington,8929.369999999999,2244.9782999999998,50,11,6,0,0.25141508303497334,0.0,0.0
East,West Virginia,Wheeling,1209.824,185.9216,18,4,2,1,0.15367656783135397,0.16696907980003703,0.25
South,Alabama,Auburn,1766.83,452.6071,16,6,3,0,0.2561690145628046,0.0,0.0
South,Alabama,Decatur,3374.82,1000.0881,52,13,7,0,0.2963382047042509,0.0,0.0
South,Alabama,Florence,1997.35,248.65890000000002,24,5,3,0,0.12449440508673995,0.0,0.0
South,Alabama,Hoover,525.85,18.7173,15,4,2,0,0.035594371018351244,0.0,0.0
South,Alabama,Huntsville,2484.3700000000003,1005.2572,40,10,7,0,0.40463264328582293,0.0,0.0
South,Alabama,Mobile,5462.99,2175.8292,52,11,4,0,0.39828540780781224,0.0,0.0
South,Alabama,Montgomery,3722.73,834.6571,48,10,6,0,0.22420565015459085,0.0,0.0
South,Alabama,Tuscaloosa,175.70000000000002,51.010400000000004,9,2,2,0,0.29032669322709165,0.0,0.0
South,Arkansas,Conway,301.96,45.294,2,1,1,0,0.15,0.0,0.0
South,Arkansas,Fayetteville,3742.8100000000004,1691.9419,51,14,8,0,0.45205123957668164,0.0,0.0
South,Arkansas,Hot Springs,245.82999999999998,62.083800000000004,15,4,2,0,0.25254769556197376,0.0,0.0
South,Arkansas,Jonesboro,2915.32,801.1113,53,11,5,0,0.27479360756280613,0.0,0.0
South,Arkansas,Little Rock,3560.35,1154.6691,90,24,6,0,0.3243133680677462,0.0,0.0
South,Arkansas,Pine Bluff,212.91,70.2048,7,2,1,0,0.3297393264759758,0.0,0.0
South,Arkansas,Rogers,40.41,18.5886,9,1,1,0,0.46,0.0,0.0
South,Arkansas,Springdale,4.3,1.419,2,1,1,0,0.33,0.0,0.0
South,Arkansas,Texarkana,654.24,163.3746,11,2,2,0,0.2497166177549523,0.0,0.0
South,Florida,Apopka,904.554,54.3634,31,7,3,3,0.06009967343022086,0.22203185216139668,0.42857142857142855
South,Florida,Boca Raton,63.007999999999996,-22.645599999999998,8,3,2,1,-0.3594083291010665,0.5169121381411885,0.3333333333333333
South,Florida,Boynton Beach,469.585,50.661500000000004,28,10,4,1,0.10788568629747544,0.2398490156201753,0.1
South,Florida,Coral Gables,64.248,22.357799999999997,6,2,1,0,0.34799215539783335,0.2,0.0
South,Florida,Coral Springs,824.992,18.556800000000003,21,8,4,2,0.022493309026026923,0.2,0.25
South,Florida,Daytona Beach,272.3315,-52.334,10,4,2,1,-0.1921702043281809,0.37581100607164436,0.25
South,Florida,Delray Beach,242.536,29.0542,11,3,2,0,0.11979335026552759,0.2,0.0
South,Florida,Deltona,893.24,122.1344,19,5,4,1,0.136731897362411,0.20290179570999956,0.2
South,Florida,Fort Lauderdale,4929.532499999999,-161.3551,65,15,12,6,-0.03273233313706726,0.2690548495217346,0.4
South,Florida,Hialeah,2338.949,-179.22749999999996,76,18,10,4,-0.07662736553896642,0.30593027039067544,0.2222222222222222
South,Florida,Hollywood,1070.474,108.2012,44,11,8,2,0.10107784028383689,0.2126532732228901,0.18181818181818182
South,Florida,Homestead,132.552,22.3291,5,3,2,1,0.168455398636007,0.20000000000000004,0.3333333333333333
South,Florida,Jacksonville,39133.328,-2445.6608,248,75,38,26,-0.06249559965868479,0.3953229290900074,0.3466666666666667
South,Florida,Jupiter,2.064,0.1548,1,1,1,0,0.075,0.2,0.0
South,Florida,Kissimmee,751.984,84.5982,2,1,1,0,0.1125,0.2,0.0
South,Florida,Lakeland,5606.8865000000005,-188.63649999999998,74,22,6,6,-0.03364371652609696,0.23541040557892512,0.2727272727272727
South,Florida,Margate,15.552,2.3328,3,1,1,0,0.15000000000000002,0.2,0.0
South,Florida,Melbourne,95.616,9.5616,2,1,1,0,0.1,0.2,0.0
South,Florida,Miami,8673.0745,-1150.3704,215,57,34,22,-0.13263697896288104,0.3322675857332944,0.38596491228070173
South,Florida,Miramar,1531.192,32.28099999999999,41,8,3,3,0.021082267932434333,0.20660661758943358,0.375
South,Florida,North Miami,22.128,3.0798000000000005,6,2,2,1,0.13918112798264645,0.2,0.5
South,Florida,Orlando,1740.08,377.7253,39,11,6,2,0.2170735253551561,0.20308261689117743,0.18181818181818182
South,Florida,Ormond Beach,2.808,-1.9656,3,1,1,1,-0.7000000000000001,0.7,1.0
South,Florida,Palm Coast,274.428,17.6552,20,5,3,2,0.06433454312242191,0.23141807687262236,0.4
South,Florida,Pembroke Pines,1714.3754999999999,-72.4491,47,14,4,7,-0.04225976164498385,0.25940085763008164,0.5
South,Florida,Pensacola,2.214,-1.476,3,1,1,1,-0.6666666666666666,0.7,1.0
South,Florida,Plantation,1436.836,12.039100000000005,45,11,3,4,0.008378896408497562,0.20344506958344585,0.36363636363636365
South,Florida,Pompano Beach,90.44,15.006499999999999,12,3,2,0,0.16592768686421935,0.2,0.0
South,Florida,Port Orange,7.824,2.934,1,1,1,0,0.37500000000000006,0.2,0.0
South,Florida,Port Saint Lucie,248.95,4.449,11,3,3,1,0.017871058445470978,0.2054107250451898,0.3333333333333333
South,Florida,Saint Petersburg,1690.7920000000001,151.9823,53,14,6,3,0.08988822989462926,0.21082333013167795,0.21428571428571427
South,Florida,Sanford,225.54600000000002,-11.827200000000001,9,2,1,2,-0.05243808358383656,0.2107339522758107,1.0
South,Florida,Tallahassee,7250.669,392.71160000000003,89,17,9,5,0.05416211938512157,0.22973884202961134,0.29411764705882354
South,Florida,Tamarac,1413.51,-351.89610000000005,15,4,2,3,-0.24895197062631325,0.2910860199078889,0.75
South,Florida,Tampa,5196.0805,-325.2366,105,36,14,15,-0.0625926792319711,0.27480381125735065,0.4166666666666667
South,Florida,West Palm Beach,141.328,31.6092,11,3,3,0,0.22365843994112986,0.2,0.0
South,Georgia,Athens,1720.81,479.3221,30,8,5,0,0.27854446452542697,0.0,0.0
South,Georgia,Atlanta,17197.84,6993.6629,156,39,17,0,0.40665937699152915,0.0,0.0
South,Georgia,Columbus,14845.05,4104.1219,258,68,40,0,0.27646399978444,0.0,0.0
South,Georgia,East Point,268.4,102.0138,7,3,1,0,0.3800812220566319,0.0,0.0
South,Georgia,Macon,364.01,144.8535,24,6,4,0,0.3979382434548501,0.0,0.0
South,Georgia,Marietta,2938.62,512.1456,33,7,3,0,0.1742809890356698,0.0,0.0
South,Georgia,Roswell,6652.32,2427.4353,64,18,9,0,0.36490056100728774,0.0,0.0
South,Georgia,Sandy Springs,1997.03,520.5891,47,14,4,0,0.2606816622684687,0.0,0.0
South,Georgia,Smyrna,2390.31,807.3319,60,17,5,0,0.3377519652262677,0.0,0.0
South,Georgia,Warner Robins,434.8,53.6884,10,2,2,0,0.12347838086476541,0.0,0.0
South,Georgia,Woodstock,286.65000000000003,104.8788,16,2,1,0,0.3658775510204081,0.0,0.0
South,Kentucky,Bowling Green,211.81,67.1168,5,2,2,0,0.31687266890137383,0.0,0.0
South,Kentucky,Florence,4559.8,1837.3541,38,10,4,0,0.4029462037808676,0.0,0.0
South,Kentucky,Georgetown,1786.42,402.76,35,8,3,0,0.2254564995913615,0.0,0.0
South,Kentucky,Henderson,15661.01,4518.8169,185,48,17,0,0.28853930238215797,0.0,0.0
South,Kentucky,Louisville,7275.39,1975.8966,131,33,17,0,0.2715863479483574,0.0,0.0
South,Kentucky,Murray,264.62,94.4658,8,2,2,0,0.35698662232635475,0.0,0.0
South,Kentucky,Owensboro,71.18,27.642799999999998,5,2,2,0,0.3883506602978364,0.0,0.0
South,Kentucky,Richmond,6761.52,2275.6436,116,34,14,0,0.33655799287734117,0.0,0.0
South,Louisiana,Bossier City,1417.18,336.9608,24,6,2,0,0.2377685262281432,0.0,0.0
South,Louisiana,Kenner,89.32000000000001,19.7976,4,2,1,0,0.22164800716524852,0.0,0.0
South,Louisiana,Lafayette,5405.75,1042.2903,61,19,10,0,0.192811413772372,0.0,0.0
South,Louisiana,Lake Charles,547.41,241.2558,16,3,2,0,0.4407223105167973,0.0,0.0
South,Louisiana,Monroe,1757.37,555.7977999999999,51,12,6,0,0.3162668077866357,0.0,0.0
South,Mississippi,Gulfport,166.5,77.5761,20,3,3,0,0.4659225225225225,0.0,0.0
South,Mississippi,Hattiesburg,1722.84,582.0694,38,9,3,0,0.33785458893454995,0.0,0.0
South,Mississippi,Jackson,7426.61,2100.4405,138,34,18,0,0.2828262827858202,0.0,0.0
South,Mississippi,Southaven,1455.39,412.8902,25,7,2,0,0.2836972907605521,0.0,0.0
South,North Carolina,Asheville,1475.376,77.5074,28,7,6,2,0.052533998113023395,0.20644174773074797,0.2857142857142857
South,North Carolina,Burlington,12681.282,-5894.5269,46,11,7,4,-0.464821056735431,0.49168416884034283,0.36363636363636365
South,North Carolina,Cary,505.20799999999997,54.0386,19,6,3,0,0.10696307263542938,0.2,0.0
South,North Carolina,Chapel Hill,14.016,4.7304,3,1,1,0,0.3375,0.20000000000000004,0.0
South,North Carolina,Charlotte,13693.339,-429.7824,243,52,24,15,-0.03138623822867454,0.2892864698668455,0.28846153846153844
South,North Carolina,Concord,5111.844,-1788.6868,44,8,5,1,-0.34991028677713953,0.3681445677919749,0.125
South,North Carolina,Durham,879.96,116.8699,33,9,5,1,0.13281274148824945,0.203436519841811,0.1111111111111111
South,North Carolina,Fayetteville,3183.116,126.7273,117,27,12,7,0.039812341114807,0.2077414709360262,0.25925925925925924
South,North Carolina,Gastonia,895.06,-14.743599999999995,16,4,1,2,-0.016472191808370385,0.3059079838223136,0.5
South,North Carolina,Goldsboro,34.944,3.0576,3,1,1,0,0.0875,0.2,0.0
South,North Carolina,Greensboro,2406.78,-122.9534,50,13,8,7,-0.05108626463573737,0.2591598733577643,0.5384615384615384
South,North Carolina,Greenville,2117.83,-548.9884,27,9,5,4,-0.25922212831058206,0.3883083155871812,0.4444444444444444
South,North Carolina,Hickory,40.764,-1.0956000000000001,5,2,2,1,-0.026876655872828968,0.2560788931410068,0.5
South,North Carolina,Jacksonville,5579.8550000000005,121.82580000000003,181,50,23,14,0.021833147993989093,0.29205126298084805,0.28
South,North Carolina,Monroe,1213.0639999999999,140.8264,22,9,6,1,0.11609148404371082,0.2,0.1111111111111111
South,North Carolina,Raleigh,4507.54,472.594,77,22,13,3,0.10484521490657875,0.20519263278861644,0.13636363636363635
South,North Carolina,Thomasville,151.292,33.3939,12,3,2,1,0.22072482352008038,0.21058879517753745,0.3333333333333333
South,North Carolina,Wilmington,743.1619999999999,172.62959999999998,37,9,9,1,0.23229067148212637,0.2022081322780228,0.1111111111111111
South,North Carolina,Wilson,368.73199999999997,-14.336000000000002,20,6,3,4,-0.038879185967043824,0.21869650586333708,0.6666666666666666
South,South Carolina,Columbia,6168.16,1388.3777,119,30,11,0,0.22508782197608362,0.0,0.0
South,South Carolina,Florence,1064.57,82.9531,29,6,4,0,0.07792169608386486,0.0,0.0
South,South Carolina,Mount Pleasant,545.94,87.3504,6,1,1,0,0.15999999999999998,0.0,0.0
South,South Carolina,North Charleston,284.25,9.670200000000001,5,2,2,0,0.034020052770448554,0.0,0.0
South,South Carolina,Rock Hill,11.85,3.792,3,1,1,0,0.32,0.0,0.0
South,South Carolina,Summerville,406.93999999999994,196.91320000000002,10,2,1,0,0.4838875509903181,0.0,0.0
South,Tennessee,Bartlett,88.96,10.008,8,1,1,0,0.1125,0.19999999999999998,0.0
South,Tennessee,Bristol,436.60200000000003,-126.5204,14,5,4,3,-0.2897842886656497,0.42754133054818805,0.6
South,Tennessee,Chattanooga,988.803,27.191799999999994,38,10,6,5,0.02749971430102861,0.2336512935336968,0.5
South,Tennessee,Clarksville,2217.73,-1055.3532000000002,27,7,3,3,-0.47587091305073215,0.5602913790226944,0.42857142857142855
South,Tennessee,Columbia,5162.774,-664.2565999999999,69,18,10,7,-0.12866273053982216,0.2757123205470547,0.3888888888888889
South,Tennessee,Franklin,948.228,-92.536,31,11,6,6,-0.09758834373167635,0.22011098596540077,0.5454545454545454
South,Tennessee,Hendersonville,319.538,-45.386700000000005,22,5,2,3,-0.1420385055924491,0.22537726342406847,0.6
South,Tennessee,Jackson,2117.212,-43.95689999999999,48,10,5,2,-0.020761690373944597,0.2883195447598068,0.2
South,Tennessee,Johnson City,765.848,11.856199999999994,43,12,3,3,0.015481139860651192,0.26171981907637026,0.25
South,Tennessee,Knoxville,3928.166,-1165.0755000000001,81,24,10,8,-0.29659528136030916,0.3423919457578931,0.3333333333333333
South,Tennessee,Lebanon,488.896,83.8057,14,3,3,0,0.17141825664353974,0.2,0.0
South,Tennessee,Memphis,5942.341,-1479.04,116,30,14,12,-0.248898540154461,0.3561795090520722,0.4
South,Tennessee,Murfreesboro,337.333,15.6891,30,11,4,4,0.046509235681062924,0.21788885166882577,0.36363636363636365
South,Tennessee,Nashville,6070.863,-837.4908,114,29,16,7,-0.1379525118586929,0.35235980452861476,0.2413793103448276
South,Tennessee,Smyrna,848.579,19.371700000000004,26,7,4,2,0.022828399005867462,0.24320340239388435,0.2857142857142857
South,Virginia,Alexandria,5519.57,318.61830000000003,84,16,6,0,0.05772520323141115,0.0,0.0
South,Virginia,Arlington,14366.76,4424.0855,128,32,21,0,0.3079389855471937,0.0,0.0
South,Virginia,Charlottesville,102.60999999999999,22.6278,7,2,2,0,0.22052236624110713,0.0,0.0
South,Virginia,Chesapeake,5996.72,1262.787,72,18,10,0,0.21057961685721527,0.0,0.0
South,Virginia,Hampton,2722.26,953.8323,48,11,5,0,0.3503825130590024,0.0,0.0
South,Virginia,Harrisonburg,4388.71,889.5239,25,7,4,0,0.20268459296695385,0.0,0.0
South,Virginia,Newport News,3321.9500000000003,1197.0469,43,12,5,0,0.3603446469694005,0.0,0.0
South,Virginia,Richmond,5141.26,1409.743,113,27,13,0,0.27420184935210434,0.0,0.0
South,Virginia,Salem,2039.55,533.0251000000001,49,13,6,0,0.2613444632394401,0.0,0.0
South,Virginia,Springfield,16628.53,4568.5789,198,50,25,0,0.27474340185211804,0.0,0.0
South,Virginia,Suffolk,1597.9,389.8122,32,10,4,0,0.24395281306715064,0.0,0.0
South,Virginia,Virginia Beach,5752.13,2024.8837,62,16,11,0,0.35202328528736315,0.0,0.0
South,Virginia,Waynesboro,3058.77,603.3858,32,10,3,0,0.19726419443109486,0.0,0.0
West,Arizona,Avondale,946.808,76.169,30,6,3,1,0.08044820069116441,0.2,0.16666666666666666
West,Arizona,Bullhead City,22.288,6.7232,3,2,1,0,0.3016511127063891,0.2,0.0
West,Arizona,Chandler,1076.747,81.46049999999998,23,7,6,2,0.07565426232903363,0.22059397425764826,0.2857142857142857
West,Arizona,Gilbert,4172.382,138.253,58,15,5,4,0.0331352690141986,0.2278193607392612,0.26666666666666666
West,Arizona,Glendale,2917.865,182.8598,67,23,13,7,0.06266904054848323,0.21556771817750311,0.30434782608695654
West,Arizona,Mesa,4037.7400000000002,-559.2314,128,28,14,13,-0.13850109219513887,0.28100744475870165,0.4642857142857143
West,Arizona,Peoria,1341.352,-55.10760000000002,57,16,5,7,-0.041083623090732345,0.23039917933547643,0.4375
West,Arizona,Phoenix,11000.257,-2790.8831999999998,224,63,29,27,-0.25371072694028873,0.36642888434333853,0.42857142857142855
West,Arizona,Scottsdale,1466.307,-89.4879,55,12,7,3,-0.06102944335667769,0.2744083605957006,0.25
West,Arizona,Sierra Vista,76.072,16.8281,9,3,2,0,0.22121279840151434,0.2,0.0
West,Arizona,Tempe,1070.3020000000001,95.4496,41,13,6,5,0.08918006319711633,0.20157245338231639,0.38461538461538464
West,Arizona,Tucson,6313.016,-64.96680000000002,145,32,13,14,-0.01029092908999439,0.23458853898041762,0.4375
West,Arizona,Yuma,840.865,-465.9909,22,4,4,2,-0.5541803975667914,0.5834390776165019,0.5
West,California,Anaheim,7986.87,1234.0036,112,27,9,1,0.15450402973880883,0.10366614205564885,0.037037037037037035
West,California,Antioch,19.44,9.3312,3,1,1,0,0.48000000000000004,0.0,0.0
West,California,Apple Valley,1915.0810000000001,283.6184,27,7,3,0,0.1480973389637305,0.15693537244638736,0.0
West,California,Bakersfield,1377.29,187.9247,47,16,8,1,0.13644526570293838,0.1453787510255647,0.0625
West,California,Brentwood,5090.114,1216.8104,66,16,6,0,0.23905366363110928,0.05455532037199954,0.0
West,California,Burbank,3247.1580000000004,764.5337999999999,13,3,1,0,0.23544705862788318,0.07883620076386796,0.0
West,California,Camarillo,1467.5175,158.79559999999998,16,5,2,1,0.10820695494261566,0.16386695558996742,0.2
West,California,Chico,2050.178,205.12539999999998,43,11,3,1,0.10005248324779605,0.15263533215164732,0.09090909090909091
West,California,Chula Vista,1041.62,248.43460000000002,13,3,3,0,0.23850790115397175,0.0,0.0
West,California,Citrus Heights,129.39,54.3438,3,1,1,0,0.42000000000000004,0.0,0.0
West,California,Coachella,163.55,47.1736,3,2,1,0,0.28843534087435035,0.0,0.0
West,California,Concord,2602.928,282.4208,26,8,6,1,0.10850119557667365,0.16106642212154929,0.125
West,California,Costa Mesa,1497.67,297.20889999999997,42,11,5,0,0.19844752181722272,0.08276322554367786,0.0
West,California,Danville,1158.882,282.4405,31,6,1,0,0.24371808346319984,0.1018830217399183,0.0
West,California,Davis,32.4,15.552,5,1,1,0,0.48,0.0,0.0
West,California,Dublin,22.0,1.375,5,1,1,0,0.0625,0.2,0.0
West,California,El Cajon,865.616,52.6872,6,2,2,0,0.060866712260401835,0.20000000000000004,0.0
West,California,Encinitas,591.981,71.0588,13,5,2,1,0.12003560925097259,0.14934356001290583,0.2
West,California,Escondido,94.548,27.753,9,3,3,0,0.29353344333037185,0.03648517155307357,0.0
West,California,Fairfield,1470.584,117.97739999999999,30,9,2,0,0.08022486304760557,0.07715900621793792,0.0
West,California,Fresno,7888.5285,948.2681,106,26,11,0,0.12020849008785352,0.17499584047899427,0.0
West,California,Hesperia,1213.1715,98.5269,18,4,3,1,0.08121432130576757,0.16600161230295965,0.25
West,California,Huntington Beach,2527.82,880.0391999999999,19,6,5,0,0.34814156071239244,0.1898837733699393,0.0
West,California,Inglewood,3479.328,1026.6960000000001,53,16,4,0,0.29508456805452093,0.12350706803152793,0.0
West,California,La Mesa,367.53000000000003,114.387,8,2,1,0,0.3112317361848012,0.04492694473920496,0.0
West,California,La Quinta,46.32,18.0648,4,1,1,0,0.39,0.0,0.0
West,California,Laguna Niguel,290.983,41.9815,15,4,3,0,0.14427475144596075,0.132617541230931,0.0
West,California,Lake Elsinore,283.92,17.745,5,1,1,0,0.0625,0.2,0.0
West,California,Lake Forest,1625.536,327.53139999999996,17,6,2,0,0.20149132347730223,0.11259498405449032,0.0
West,California,Lakewood,1583.683,43.962399999999995,35,8,5,1,0.027759595828205516,0.17379087228946702,0.125
West,California,Lancaster,477.444,79.43719999999999,15,5,4,0,0.16638014091704992,0.19543401948710215,0.0
West,California,Lodi,136.98,44.4858,9,2,2,0,0.3247612790188349,0.0,0.0
West,California,Long Beach,4933.83,746.3956,114,27,11,3,0.15128117507088812,0.169030550302706,0.1111111111111111
West,California,Los Angeles,175851.34100000001,30440.7579,2879,747,384,37,0.17310506548824098,0.12397053571516409,0.049531459170013385
West,California,Manteca,452.182,172.2358,8,3,2,0,0.38089928391665306,0.05411626292068238,0.0
West,California,Mission Viejo,775.986,151.06449999999998,18,5,3,0,0.19467425958715748,0.05618645181742969,0.0
West,California,Modesto,326.15000000000003,19.943,10,3,3,1,0.06114671163575042,0.13144871991414991,0.3333333333333333
West,California,Montebello,27.88,3.9032,2,1,1,0,0.14,0.0,0.0
West,California,Moreno Valley,1262.4660000000001,353.6301,42,10,5,0,0.28011059307735814,0.005870415520101135,0.0
West,California,Morgan Hill,545.01,7.846,16,4,1,1,0.014396066127227023,0.15520944569824408,0.25
West,California,Murrieta,484.65,92.0835,3,1,1,0,0.19,0.0,0.0
West,California,Oakland,5964.418,834.1029000000001,107,26,13,3,0.13984648627913068,0.11735756950636257,0.11538461538461539
West,California,Oceanside,499.61199999999997,117.51299999999999,25,8,5,0,0.23520852181292684,0.08129188250082064,0.0
West,California,Ontario,283.92,-46.137,5,1,1,1,-0.1625,0.2,1.0
West,California,Oxnard,1558.1000000000001,346.4577,31,9,4,0,0.22235909120082148,0.004143508118862717,0.0
West,California,Pasadena,4112.688,429.9769,97,25,11,4,0.10454887411833817,0.10345000641915944,0.16
West,California,Pico Rivera,145.9,62.737,5,1,1,0,0.43,0.0,0.0
West,California,Pomona,1482.502,150.299,34,7,5,1,0.10138198801755412,0.09589626186001773,0.14285714285714285
West,California,Rancho Cucamonga,231.852,73.7442,14,4,4,0,0.31806583510170283,0.0295636871797526,0.0
West,California,Redding,333.576,25.0182,3,1,1,0,0.075,0.2,0.0
West,California,Redlands,2891.021,454.1556,61,16,4,0,0.15709176792558752,0.1616524231404753,0.0
West,California,Redondo Beach,1959.803,176.4289,35,8,3,1,0.0900237932077867,0.18109965644506107,0.125
West,California,Redwood City,41.904,14.1426,6,1,1,0,0.33749999999999997,0.2,0.0
West,California,Riverside,1944.2459999999999,374.7296,40,14,9,0,0.1927377502641127,0.11262936891730779,0.0
West,California,Roseville,734.776,316.94500000000005,55,14,7,0,0.4313491458621404,0.022999118098576982,0.0
West,California,Sacramento,7311.278,2069.6859,36,13,8,2,0.2830812752572122,0.19117117417775664,0.15384615384615385
West,California,Salinas,728.8910000000001,270.5181,39,8,4,0,0.37113656225690805,0.0564190667740444,0.0
West,California,San Bernardino,979.3000000000001,69.982,33,9,4,1,0.0714612478300827,0.1409960175635658,0.1111111111111111
West,California,San Clemente,90.05799999999999,42.5419,10,2,1,0,0.4723833529503209,0.04016966843589687,0.0
West,California,San Diego,47521.029,6377.196,670,170,88,12,0.1341973466104869,0.1362694892402267,0.07058823529411765
West,California,San Francisco,112669.092,17507.3854,1935,510,265,24,0.15538764970254662,0.11500569295437298,0.047058823529411764
West,California,San Gabriel,2061.01,290.8953,13,3,1,0,0.1411421099363904,0.1443020654921616,0.0
West,California,San Jose,6071.229,1216.0579,159,42,20,2,0.20029847334040604,0.09845961171947228,0.047619047619047616
West,California,San Luis Obispo,3.62,1.1946,2,1,1,0,0.33,0.0,0.0
West,California,San Mateo,75.18,35.3346,6,1,1,0,0.47,0.0,0.0
West,California,Santa Ana,3366.31,836.7465000000001,55,14,8,2,0.24856489746933588,0.08067230884856118,0.14285714285714285
West,California,Santa Barbara,4289.2339999999995,457.2858,30,8,5,1,0.10661246273810197,0.1801563635838008,0.125
West,California,Santa Clara,222.192,76.0016,23,6,3,0,0.34205371930582557,0.09493771152876793,0.0
West,California,Santa Maria,115.44,30.0144,3,1,1,0,0.26,0.0,0.0
West,California,Stockton,1227.6,339.52639999999997,34,6,5,0,0.27657738677093513,0.06926034538937767,0.0
West,California,Sunnyvale,636.21,107.5073,23,6,2,1,0.16898083965986074,0.06977570299115073,0.16666666666666666
West,California,Temecula,808.6659999999999,101.8869,14,4,1,0,0.12599379719191856,0.12949128564821571,0.0
West,California,Thousand Oaks,238.804,99.914,20,5,4,0,0.41839332674494567,0.013386710440361133,0.0
West,California,Torrance,3132.268,545.1510000000001,16,4,2,0,0.17404353650453921,0.09523884929386629,0.0
West,California,Vacaville,423.28,110.0528,11,1,1,0,0.26,0.0,0.0
West,California,Vallejo,1221.41,336.03549999999996,22,6,3,0,0.2751209667515412,0.020985582236922897,0.0
West,California,Visalia,318.78000000000003,88.0478,20,4,2,0,0.2762023966371792,0.0,0.0
West,California,Westminster,3826.6459999999997,763.6886000000001,50,17,4,0,0.19957126946155984,0.07656501280756045,0.0
West,California,Whittier,444.768,44.4768,4,1,1,0,0.1,0.2,0.0
West,California,Woodland,264.66200000000003,33.3848,7,3,2,0,0.12614126697448064,0.19716619688508363,0.0
West,California,Yucaipa,50.8,13.208,5,1,1,0,0.26,0.0,0.0
West,Colorado,Arvada,503.4,59.8556,10,4,1,0,0.11890266189908623,0.19999999999999998,0.0
West,Colorado,Aurora,4083.5099999999998,-797.019,130,34,15,14,-0.195179882013268,0.2894282124936636,0.4117647058823529
West,Colorado,Broomfield,793.504,62.445,23,5,2,3,0.07869525547445255,0.2180868653466145,0.6
West,Colorado,Colorado Springs,3694.009,-956.6841000000001,110,25,9,9,-0.2589826121159965,0.33574479650699285,0.36
West,Colorado,Commerce City,146.352,-32.9292,3,1,1,1,-0.225,0.2,1.0
West,Colorado,Denver,12198.793,-244.92000000000002,164,44,17,13,-0.020077396181736998,0.22335300713767342,0.29545454545454547
West,Colorado,Englewood,124.056,13.7547,6,2,1,0,0.1108749274521184,0.2,0.0
West,Colorado,Fort Collins,935.252,-252.6926,20,7,5,3,-0.2701866448828765,0.2982387634562664,0.42857142857142855
West,Colorado,Greeley,30.351999999999997,10.3614,5,2,1,0,0.3413745387453875,0.20000000000000004,0.0
West,Colorado,Littleton,72.294,-98.8018,1,1,1,1,-1.3666666666666667,0.7,1.0
West,Colorado,Longmont,915.088,34.8252,10,3,2,2,0.038056667774028295,0.2,0.6666666666666666
West,Colorado,Louisville,5070.416,-3406.2095000000004,90,24,12,8,-0.671781072795605,0.47411005329740197,0.3333333333333333
West,Colorado,Loveland,20.964000000000002,4.4778,8,4,3,2,0.21359473382942185,0.2283342873497424,0.5
West,Colorado,Parker,1067.942,-164.1893,24,8,2,5,-0.15374364899966478,0.2664670927821923,0.625
West,Colorado,Pueblo,1686.9379999999999,-900.9719,42,8,4,5,-0.5340871448743226,0.42817732483351495,0.625
West,Colorado,Thornton,765.248,140.8398,47,10,3,0,0.18404464957765324,0.19999999999999998,0.0
West,Idaho,Boise,1094.47,221.9373,9,4,3,0,0.20278061527497326,0.056297568686213426,0.0
West,Idaho,Caldwell,455.63199999999995,58.6966,11,3,1,0,0.12882457772939565,0.1485198581311234,0.0
West,Idaho,Lewiston,9.584,3.3544,1,1,1,0,0.35000000000000003,0.2,0.0
West,Idaho,Meridian,329.052,95.214,11,4,2,0,0.28935852084169067,0.012953575726632874,0.0
West,Idaho,Pocatello,1344.942,181.35590000000002,25,7,3,0,0.13484291515916672,0.0683735060694067,0.0
West,Idaho,Twin Falls,1148.806,266.1649,7,2,1,0,0.23168829201797342,0.0035542989852072504,0.0
West,Montana,Billings,8.288,2.6936,2,1,1,0,0.325,0.2,0.0
West,Montana,Bozeman,43.66,20.8106,5,2,1,0,0.4766513971598718,0.0,0.0
West,Montana,Great Falls,4605.58,1582.7071,30,8,3,0,0.343649898601262,0.004849769193022378,0.0
West,Montana,Helena,443.84,74.62219999999999,17,3,2,0,0.16812860490266762,0.1531903388608508,0.0
West,Montana,Missoula,487.984,152.495,2,1,1,0,0.3125,0.2,0.0
West,Nevada,Henderson,1888.0580000000002,393.044,13,3,2,0,0.20817368957945145,0.0006067610211126988,0.0
West,Nevada,Las Vegas,1834.02,332.4433,61,13,8,0,0.18126481717756623,0.14381958757265462,0.0
West,Nevada,North Las Vegas,9801.002,2247.6899000000003,58,16,7,1,0.22933266415005324,0.1249323691598063,0.0625
West,Nevada,Reno,644.062,115.0527,17,4,3,0,0.17863606298772478,0.19740708192689524,0.0
West,Nevada,Sparks,2561.96,228.536,19,3,3,0,0.08920357851020312,0.18707552030476668,0.0
West,New Mexico,Albuquerque,2220.16,634.0880999999999,65,14,7,1,0.285604686148746,0.04927212453156529,0.07142857142857142
West,New Mexico,Carlsbad,419.34,157.7661,35,11,5,0,0.3762247817999714,0.04899127199885535,0.0
West,New Mexico,Clovis,111.42,11.635200000000001,10,2,1,0,0.1044264943457189,0.018093699515347336,0.0
West,New Mexico,Farmington,718.72,169.4115,11,3,3,0,0.23571279496883346,0.0,0.0
West,New Mexico,Las Cruces,98.77,43.9394,9,3,3,0,0.4448658499544396,0.0,0.0
West,New Mexico,Rio Rancho,1114.192,119.5878,7,2,1,0,0.10733141146229734,0.20000000000000004,0.0
West,New Mexico,Santa Fe,100.92,20.688000000000002,14,2,2,0,0.20499405469678955,0.0,0.0
West,Oregon,Eugene,1465.032,134.03719999999998,23,6,1,3,0.09149097084568801,0.2,0.5
West,Oregon,Gresham,2133.424,150.86440000000002,28,5,4,2,0.07071468212600965,0.2061759875205304,0.4
West,Oregon,Hillsboro,87.838,1.5455000000000005,14,4,2,2,0.017594890594048142,0.22366857168879073,0.5
West,Oregon,Medford,90.218,19.700899999999997,10,4,3,1,0.21836994834733642,0.2541022855749407,0.25
West,Oregon,Portland,4051.869,9.757299999999997,92,24,15,7,0.002408098583641277,0.2317390567167892,0.2916666666666667
West,Oregon,Redmond,1043.027,-174.45000000000002,42,8,4,4,-0.1672535802045393,0.3082086082143607,0.5
West,Oregon,Salem,1404.695,-262.3311,101,27,9,9,-0.18675306739185374,0.30500037374661404,0.3333333333333333
West,Oregon,Springfield,5761.265,-853.3086000000001,163,38,15,10,-0.14811132624519094,0.28917546754054885,0.2631578947368421
West,Oregon,Tigard,1393.7820000000002,-216.2861,26,8,3,5,-0.15517928915712786,0.2018015729863063,0.625
West,Utah,Draper,263.65,92.72550000000001,13,3,2,0,0.3516992224540111,0.09600606865162148,0.0
West,Utah,Layton,4.96,2.3312,4,1,1,0,0.47,0.0,0.0
West,Utah,Lehi,1516.726,451.6626,8,2,2,0,0.2977878667603773,0.0022121332396227134,0.0
West,Utah,Logan,280.276,46.9632,21,5,1,0,0.1675605474603605,0.06788736816566528,0.0
West,Utah,Murray,146.318,37.062799999999996,15,3,2,0,0.25330307959376147,0.09831736355062261,0.0
West,Utah,Orem,2994.0879999999997,514.6335,32,9,5,0,0.17188322454116248,0.003995072957107474,0.0
West,Utah,Pleasant Grove,2138.178,580.6549,30,7,2,0,0.2715652766046606,0.03978041117250295,0.0
West,Utah,Provo,2761.234,388.5674,38,10,4,0,0.14072237267830254,0.0034871365483693166,0.0
West,Utah,Salt Lake City,802.776,329.2601,42,8,5,0,0.4101518979142377,0.10949405562697441,0.0
West,Utah,West Jordan,311.85,102.6723,16,5,2,0,0.3292361712361712,0.0587974987974988,0.0
West,Washington,Auburn,4.18,1.5048,1,1,1,0,0.36,0.0,0.0
West,Washington,Bellevue,103.622,37.0548,18,6,5,0,0.3575958773233483,0.07680222346605935,0.0
West,Washington,Bellingham,3790.24,610.5908,24,3,2,0,0.16109555067752965,0.0013255097302545488,0.0
West,Washington,Covington,413.68,115.10940000000001,20,4,2,0,0.27825710694256434,0.0,0.0
West,Washington,Des Moines,3454.438,1250.3434,17,7,5,1,0.3619527691624513,0.03300148967791577,0.14285714285714285
West,Washington,Edmonds,2523.692,634.2478,42,14,5,0,0.2513174349326304,0.04038464281695231,0.0
West,Washington,Everett,3.856,1.3978,1,1,1,0,0.3625,0.2,0.0
West,Washington,Kent,1351.2540000000001,603.0963,28,8,3,0,0.44632341513882656,0.020535591384003304,0.0
West,Washington,Longview,119.21000000000001,38.8983,10,3,2,0,0.3263006459189665,0.0,0.0
West,Washington,Marysville,102.18,3.3150000000000004,15,2,2,0,0.03244274809160305,0.0,0.0
West,Washington,Olympia,1020.448,139.6269,15,5,3,0,0.13682902019505158,0.15786948477531437,0.0
West,Washington,Pasco,2201.112,357.5244,27,6,2,0,0.16242899043756065,0.09129131093738073,0.0
West,Washington,Redmond,55.230000000000004,20.7322,10,3,2,0,0.37537932283179426,0.08299837045084194,0.0
West,Washington,Renton,1242.6319999999998,185.4324,14,3,1,0,0.1492255148748785,0.19165641959968843,0.0
West,Washington,Seattle,119540.742,29156.0967,1590,428,212,16,0.24390091789793306,0.07309667192796912,0.037383177570093455
West,Washington,Spokane,2027.9180000000001,172.2261,36,7,5,0,0.08492754638008046,0.13877957590001175,0.0
West,Washington,Vancouver,686.836,75.4546,15,5,3,0,0.1098582485484162,0.08804896656552656,0.0
West,Wyoming,Cheyenne,1603.136,100.196,4,1,1,0,0.0625,0.2,0.0
