Region,State,Sub-Category,sales,profit,quantity,rows,orders,loss_rows,margin,sales_weighted_discount,loss_row_share,discount
Central,Illinois,Accessories,5535.696,981.8644,145,33,33,8,0.17736963879519396,0.2,0.24242424242424243,0.2
Central,Illinois,Appliances,974.72,-2482.4187,76,20,20,20,-2.5468018507879187,0.8,1.0,0.8
Central,Illinois,Art,930.032,138.9541,149,37,35,0,0.14940786983673682,0.2,0.0,0.2
Central,Illinois,Binders,4538.546,-7204.3242,327,80,76,80,-1.5873639266848898,0.8,1.0,0.8
Central,Illinois,Bookcases,4282.698,-555.8726,43,10,9,9,-0.12979495635695068,0.3,0.9,0.3
Central,Illinois,Chairs,14563.178,-1578.6955,147,38,37,37,-0.1084032276471523,0.30000000000000004,0.9736842105263158,0.3
Central,Illinois,Copiers,5919.888,1831.9666,14,4,4,0,0.3094596722100148,0.20000000000000004,0.0,0.2
Central,Illinois,Envelopes,384.10400000000004,132.5294,22,8,8,0,0.3450351988003249,0.20000000000000004,0.0,0.2
Central,Illinois,Fasteners,141.336,43.9949,50,13,13,0,0.3112787966264787,0.2,0.0,0.2
Central,Illinois,Furnishings,2877.976,-2631.9766,193,57,51,57,-0.9145234706613258,0.6,1.0,0.6
Central,Illinois,Labels,224.872,77.4622,48,13,13,0,0.3444724109715749,0.2,0.0,0.2
Central,Illinois,Machines,3756.3050000000003,326.0395,12,5,5,1,0.08679793041299894,0.3,0.2,0.3
Central,Illinois,Paper,3455.8160000000003,1183.6766,246,60,55,0,0.3425172520759207,0.2,0.0,0.2
Central,Illinois,Phones,16771.784,1682.6887,131,42,40,3,0.1003285458481936,0.2,0.07142857142857142,0.2
Central,Illinois,Storage,9080.328,-257.4584,151,47,44,21,-0.028353425118563997,0.20000000000000004,0.44680851063829785,0.2
Central,Illinois,Supplies,178.152,13.427299999999999,26,7,7,1,0.07536990884188782,0.2,0.14285714285714285,0.2
Central,Illinois,Tables,6550.67,-4309.7447,65,18,17,18,-0.6579089925152695,0.5,1.0,0.5
Central,Indiana,Accessories,2279.03,570.2304,45,13,11,0,0.2502075005594485,0.0,0.0,0.0
Central,Indiana,Appliances,4160.15,1259.8645,52,10,10,0,0.3028411235171809,0.0,0.0,0.0
Central,Indiana,Art,389.19,123.6134,54,12,12,0,0.31761710218659267,0.0,0.0,0.0
Central,Indiana,Binders,4011.88,1827.1562,63,19,18,0,0.45543640388047496,0.0,0.0,0.0
Central,Indiana,Chairs,6463.39,1587.5621,31,7,7,0,0.24562375162260053,0.0,0.0,0.0
Central,Indiana,Copiers,18499.93,8849.967,7,2,2,0,0.4783784046750447,0.0,0.0,0.0
Central,Indiana,Envelopes,889.56,412.1747,40,7,7,0,0.4633467107333963,0.0,0.0,0.0
Central,Indiana,Fasteners,8.46,0.1008,5,2,2,0,0.011914893617021275,0.0,0.0,0.0
Central,Indiana,Furnishings,1514.48,180.7914,41,13,13,0,0.1193752311024246,0.0,0.0,0.0
Central,Indiana,Labels,276.21,134.2083,24,5,5,0,0.48589225589225593,0.0,0.0,0.0
Central,Indiana,Machines,83.9,22.653,2,1,1,0,0.26999999999999996,0.0,0.0,0.0
Central,Indiana,Paper,1879.52,888.3797,100,27,21,0,0.47266307355069376,0.0,0.0,0.0
Central,Indiana,Phones,5460.39,1558.0269,52,13,11,0,0.28533253119282687,0.0,0.0,0.0
Central,Indiana,Storage,4120.43,555.2861,51,15,13,0,0.1347641144249508,0.0,0.0,0.0
Central,Indiana,Tables,3518.84,412.9218,11,3,3,0,0.117346000386491,0.0,0.0,0.0
Central,Iowa,Art,146.57999999999998,45.4938,8,3,3,0,0.3103683995088007,0.0,0.0,0.0
Central,Iowa,Binders,247.96,118.7179,34,8,6,0,0.4787784320051621,0.0,0.0,0.0
Central,Iowa,Chairs,1408.1,394.268,10,1,1,0,0.27999999999999997,0.0,0.0,0.0
Central,Iowa,Envelopes,13.4,6.3708,4,2,2,0,0.4754328358208955,0.0,0.0,0.0
Central,Iowa,Fasteners,45.92,21.5824,4,1,1,0,0.47,0.0,0.0,0.0
Central,Iowa,Furnishings,49.489999999999995,19.145699999999998,10,2,2,0,0.38685997171145686,0.0,0.0,0.0
Central,Iowa,Paper,315.80999999999995,149.7355,24,7,6,0,0.47413159811278943,0.0,0.0,0.0
Central,Iowa,Phones,1154.3,318.3682,13,4,4,0,0.2758106211556788,0.0,0.0,0.0
Central,Iowa,Storage,13.48,3.5048,1,1,1,0,0.26,0.0,0.0,0.0
Central,Iowa,Tables,1184.72,106.6248,4,1,1,0,0.09,0.0,0.0,0.0
Central,Kansas,Accessories,92.35,26.284,10,2,2,0,0.28461288576069305,0.0,0.0,0.0
Central,Kansas,Appliances,81.96,22.9488,2,1,1,0,0.28,0.0,0.0,0.0
Central,Kansas,Art,162.72,45.9516,14,4,4,0,0.2823967551622419,0.0,0.0,0.0
Central,Kansas,Binders,611.92,279.4432,9,3,3,0,0.4566662308798536,0.0,0.0,0.0
Central,Kansas,Fasteners,24.049999999999997,10.9211,4,2,2,0,0.4540997920997921,0.0,0.0,0.0
Central,Kansas,Furnishings,111.12,36.9696,8,2,2,0,0.3326997840172786,0.0,0.0,0.0
Central,Kansas,Labels,18.9,8.694,3,1,1,0,0.4600000000000001,0.0,0.0,0.0
Central,Kansas,Paper,303.0,147.6816,9,3,3,0,0.4873980198019802,0.0,0.0,0.0
Central,Kansas,Phones,756.69,148.70260000000002,9,3,3,0,0.19651719991013494,0.0,0.0,0.0
Central,Kansas,Storage,393.67,101.6884,3,2,2,0,0.2583087357431351,0.0,0.0,0.0
Central,Kansas,Supplies,357.93,7.1586,3,1,1,0,0.02,0.0,0.0,0.0
Central,Michigan,Accessories,4932.55,1655.0608,69,15,14,0,0.33553857538190185,0.0,0.0,0.0
Central,Michigan,Appliances,4324.149,1086.0808,55,16,16,0,0.2511663682264417,0.1,0.0,0.1
Central,Michigan,Art,1004.86,301.3652,91,25,24,0,0.29990764882670223,0.0,0.0,0.0
Central,Michigan,Binders,22821.969999999998,11079.505,192,43,36,0,0.4854753993629823,0.0,0.0,0.0
Central,Michigan,Bookcases,810.2,150.6456,10,4,4,0,0.18593631202172303,0.0,0.0,0.0
Central,Michigan,Chairs,13878.060000000001,3001.6506,77,21,17,0,0.21628747822101935,0.0,0.0,0.0
Central,Michigan,Copiers,1149.97,484.988,3,2,2,0,0.4217396975573276,0.0,0.0,0.0
Central,Michigan,Envelopes,310.02,141.62900000000002,16,5,5,0,0.4568382684988066,0.0,0.0,0.0
Central,Michigan,Fasteners,109.5,42.7554,26,5,5,0,0.39046027397260274,0.0,0.0,0.0
Central,Michigan,Furnishings,1916.26,435.3779,70,18,16,0,0.227201893271268,0.0,0.0,0.0
Central,Michigan,Labels,880.56,430.9921,40,8,8,0,0.4894522803670392,0.0,0.0,0.0
Central,Michigan,Machines,3410.955,832.0843,5,2,2,0,0.2439446723864724,0.1,0.0,0.1
Central,Michigan,Paper,2010.74,961.3904,103,31,26,0,0.47812765449535993,0.0,0.0,0.0
Central,Michigan,Phones,6731.28,1810.1694,73,27,24,0,0.26891904660034943,0.0,0.0,0.0
Central,Michigan,Storage,6187.48,940.4052,83,24,20,0,0.15198517005307494,0.0,0.0,0.0
Central,Michigan,Supplies,74.48,21.2104,6,2,2,0,0.2847798066595059,0.0,0.0,0.0
Central,Michigan,Tables,5716.58,1087.8775,27,7,7,0,0.19030215618429203,0.0,0.0,0.0
Central,Minnesota,Accessories,1520.38,556.7236,26,8,6,0,0.36617398282008445,0.0,0.0,0.0
Central,Minnesota,Appliances,2844.13,863.8521,26,6,6,0,0.3037315804833112,0.0,0.0,0.0
Central,Minnesota,Art,102.81,36.5706,32,6,6,0,0.35571053399474756,0.0,0.0,0.0
Central,Minnesota,Binders,12470.24,6041.276,55,16,13,0,0.4844554715867537,0.0,0.0,0.0
Central,Minnesota,Chairs,6079.37,1703.9146999999998,33,6,6,0,0.28027817027093266,0.0,0.0,0.0
Central,Minnesota,Copiers,549.99,274.995,1,1,1,0,0.5,0.0,0.0,0.0
Central,Minnesota,Envelopes,30.56,14.9744,4,2,2,0,0.49,0.0,0.0,0.0
Central,Minnesota,Fasteners,42.9,19.328,9,2,2,0,0.45053613053613056,0.0,0.0,0.0
Central,Minnesota,Furnishings,231.52,49.5342,14,5,5,0,0.2139521423635107,0.0,0.0,0.0
Central,Minnesota,Labels,161.04999999999998,76.8852,21,6,5,0,0.4773995653523751,0.0,0.0,0.0
Central,Minnesota,Paper,319.88,155.5074,42,11,10,0,0.48614292859822433,0.0,0.0,0.0
Central,Minnesota,Phones,774.8900000000001,187.0822,11,3,3,0,0.24143065467356653,0.0,0.0,0.0
Central,Minnesota,Storage,3397.73,561.3062,48,14,13,0,0.1652003543542306,0.0,0.0,0.0
Central,Minnesota,Supplies,37.24,10.7996,4,1,1,0,0.29,0.0,0.0,0.0
Central,Minnesota,Tables,1300.46,270.4382,5,2,2,0,0.20795580025529428,0.0,0.0,0.0
Central,Missouri,Accessories,1021.6800000000001,254.97930000000002,38,8,7,0,0.24956865163260514,0.0,0.0,0.0
Central,Missouri,Appliances,3670.43,1226.0318,33,7,6,0,0.33402947338595207,0.0,0.0,0.0
Central,Missouri,Art,239.62,66.1596,13,2,2,0,0.27610216175611385,0.0,0.0,0.0
Central,Missouri,Binders,1875.6200000000001,898.4064,37,11,9,0,0.47899169341337794,0.0,0.0,0.0
Central,Missouri,Bookcases,212.94,53.235,3,1,1,0,0.25,0.0,0.0,0.0
Central,Missouri,Chairs,60.89,15.2225,1,1,1,0,0.25,0.0,0.0,0.0
Central,Missouri,Copiers,5499.92,2536.9631999999997,8,2,2,0,0.4612727457853932,0.0,0.0,0.0
Central,Missouri,Envelopes,71.17999999999999,33.4546,10,3,3,0,0.47000000000000003,0.0,0.0,0.0
Central,Missouri,Furnishings,941.0799999999999,195.236,20,7,7,0,0.20745951460024653,0.0,0.0,0.0
Central,Missouri,Labels,14.94,6.8724,3,1,1,0,0.46,0.0,0.0,0.0
Central,Missouri,Paper,301.81,144.0062,42,11,9,0,0.4771419104734767,0.0,0.0,0.0
Central,Missouri,Phones,564.9200000000001,222.7843,8,2,2,0,0.39436433477306515,0.0,0.0,0.0
Central,Missouri,Storage,1791.94,322.2778,17,6,5,0,0.17984854403607264,0.0,0.0,0.0
Central,Missouri,Supplies,4216.64,99.058,8,2,2,0,0.023492164377324126,0.0,0.0,0.0
Central,Missouri,Tables,1721.54,361.52340000000004,11,2,2,0,0.21000000000000002,0.0,0.0,0.0
Central,Nebraska,Accessories,239.94,69.8835,6,2,2,0,0.29125406351587896,0.0,0.0,0.0
Central,Nebraska,Appliances,500.57,170.17780000000002,14,4,3,0,0.3399680364384602,0.0,0.0,0.0
Central,Nebraska,Art,19.46,5.0596,7,1,1,0,0.25999999999999995,0.0,0.0,0.0
Central,Nebraska,Binders,128.23,60.4036,15,5,5,0,0.4710566950011698,0.0,0.0,0.0
Central,Nebraska,Chairs,563.94,112.788,3,1,1,0,0.19999999999999998,0.0,0.0,0.0
Central,Nebraska,Fasteners,57.64,10.384599999999999,14,3,3,0,0.18016308119361552,0.0,0.0,0.0
Central,Nebraska,Furnishings,1380.76,405.64840000000004,18,3,3,0,0.29378632057707355,0.0,0.0,0.0
Central,Nebraska,Labels,14.4,7.056,5,1,1,0,0.49,0.0,0.0,0.0
Central,Nebraska,Paper,332.79,160.3182,21,8,7,0,0.48173983593257,0.0,0.0,0.0
Central,Nebraska,Phones,3045.8,891.6315000000001,20,6,5,0,0.29274131591043406,0.0,0.0,0.0
Central,Nebraska,Storage,1164.5,138.673,11,3,2,0,0.1190837269214255,0.0,0.0,0.0
Central,Nebraska,Supplies,16.9,5.07,2,1,1,0,0.30000000000000004,0.0,0.0,0.0
Central,North Dakota,Art,181.84,51.8812,18,4,2,0,0.285312362516498,0.0,0.0,0.0
Central,North Dakota,Binders,25.9,12.691,5,1,1,0,0.49000000000000005,0.0,0.0,0.0
Central,North Dakota,Fasteners,7.41,3.4827,3,1,1,0,0.47,0.0,0.0,0.0
Central,North Dakota,Storage,704.76,162.0948,4,1,1,0,0.22999999999999998,0.0,0.0,0.0
Central,Oklahoma,Accessories,1817.47,395.6859,26,5,5,0,0.21771247943569907,0.0,0.0,0.0
Central,Oklahoma,Appliances,1491.22,471.5795,14,4,4,0,0.31623737610815306,0.0,0.0,0.0
Central,Oklahoma,Art,58.910000000000004,19.0864,11,4,4,0,0.3239925309794602,0.0,0.0,0.0
Central,Oklahoma,Binders,445.44,209.7537,42,11,10,0,0.4708910290948276,0.0,0.0,0.0
Central,Oklahoma,Bookcases,341.96,54.7136,2,1,1,0,0.16,0.0,0.0,0.0
Central,Oklahoma,Chairs,3963.38,1106.7992,19,5,5,0,0.2792563922712432,0.0,0.0,0.0
Central,Oklahoma,Envelopes,407.40000000000003,188.2194,5,2,2,0,0.46200147275405007,0.0,0.0,0.0
Central,Oklahoma,Furnishings,1444.92,412.46639999999996,21,5,4,0,0.28545967942861883,0.0,0.0,0.0
Central,Oklahoma,Labels,64.24,31.185200000000002,15,3,2,0,0.48544831880448325,0.0,0.0,0.0
Central,Oklahoma,Paper,196.62,92.84819999999999,18,7,7,0,0.472221544095209,0.0,0.0,0.0
Central,Oklahoma,Phones,4550.98,1185.2144,41,9,9,0,0.2604305885765264,0.0,0.0,0.0
Central,Oklahoma,Storage,2345.05,100.3723,16,5,5,0,0.04280177394938274,0.0,0.0,0.0
Central,Oklahoma,Supplies,21.96,6.1488,2,1,1,0,0.27999999999999997,0.0,0.0,0.0
Central,Oklahoma,Tables,2533.84,579.883,15,4,4,0,0.22885541312790073,0.0,0.0,0.0
Central,South Dakota,Accessories,392.94000000000005,133.8966,6,2,2,0,0.34075584058634906,0.0,0.0,0.0
Central,South Dakota,Appliances,416.32,112.4064,2,1,1,0,0.27,0.0,0.0,0.0
Central,South Dakota,Binders,114.50999999999999,55.6446,14,3,2,0,0.48593659942363115,0.0,0.0,0.0
Central,South Dakota,Bookcases,141.96,39.7488,2,1,1,0,0.28,0.0,0.0,0.0
Central,South Dakota,Chairs,182.94,27.441,3,1,1,0,0.15,0.0,0.0,0.0
Central,South Dakota,Fasteners,6.54,2.6814,3,1,1,0,0.41,0.0,0.0,0.0
Central,South Dakota,Labels,34.85,16.3795,9,2,2,0,0.47,0.0,0.0,0.0
Central,South Dakota,Supplies,25.5,6.63,3,1,1,0,0.26,0.0,0.0,0.0
Central,Texas,Accessories,11328.56,1105.8500999999999,281,81,76,26,0.09761612243745012,0.2,0.32098765432098764,0.2
Central,Texas,Appliances,2407.814,-6147.2225,159,47,45,47,-2.5530304666390347,0.8000000000000002,1.0,0.8
Central,Texas,Art,2369.528,316.3538,259,71,66,0,0.13350920520880108,0.20000000000000004,0.0,0.2
Central,Texas,Binders,9042.676,-14705.0738,626,153,127,153,-1.6261860758916942,0.8,1.0,0.8
Central,Texas,Bookcases,14493.4588,-2391.1376999999998,105,27,27,27,-0.1649804738120896,0.32000000000000006,1.0,0.32
Central,Texas,Chairs,26572.448,-2515.649,235,61,58,57,-0.09467133024401816,0.3,0.9344262295081968,0.3
Central,Texas,Copiers,5639.872,1629.9615,16,5,5,0,0.2890068249775881,0.2,0.0,0.2
Central,Texas,Envelopes,2530.648,848.176,105,30,30,0,0.33516158707176974,0.2,0.0,0.2
Central,Texas,Fasteners,332.464,80.7357,108,24,23,3,0.24284042783579574,0.2,0.125,0.2
Central,Texas,Furnishings,3766.724,-3312.6785999999997,308,81,76,81,-0.879458808237609,0.6,1.0,0.6
Central,Texas,Labels,583.6,200.40200000000002,96,30,29,0,0.34338930774503085,0.19999999999999998,0.0,0.2
Central,Texas,Machines,19546.224000000002,-2666.8433999999997,47,13,12,8,-0.13643777949132269,0.4,0.6153846153846154,0.4
Central,Texas,Paper,6983.456,2422.9703,572,147,130,0,0.3469586262160168,0.19999999999999998,0.0,0.2
Central,Texas,Phones,28589.568,3222.4608000000003,315,80,74,3,0.11271456777521088,0.20000000000000004,0.0375,0.2
Central,Texas,Storage,15723.583999999999,-763.7054,309,83,77,40,-0.04857069482377555,0.2,0.4819277108433735,0.2
Central,Texas,Supplies,4516.76,-837.2795,65,19,18,10,-0.18537170449614324,0.19999999999999998,0.5263157894736842,0.2
Central,Texas,Tables,15760.661,-2216.6766,118,33,31,31,-0.140646169599105,0.3,0.9393939393939394,0.3
Central,Wisconsin,Accessories,4795.48,1501.172,64,14,14,0,0.3130389450065479,0.0,0.0,0.0
Central,Wisconsin,Appliances,2710.5699999999997,778.0820000000001,37,7,7,0,0.2870547523214675,0.0,0.0,0.0
Central,Wisconsin,Art,159.79,44.6698,22,7,6,0,0.2795531635271294,0.0,0.0,0.0
Central,Wisconsin,Binders,588.39,282.7635,54,13,12,0,0.48057155967980425,0.0,0.0,0.0
Central,Wisconsin,Bookcases,3873.96,650.763,27,6,6,0,0.1679839234271908,0.0,0.0,0.0
Central,Wisconsin,Chairs,11494.95,2737.4205,56,12,10,0,0.23814114023984445,0.0,0.0,0.0
Central,Wisconsin,Fasteners,1.81,0.6516,1,1,1,0,0.36,0.0,0.0,0.0
Central,Wisconsin,Furnishings,1020.04,303.2688,55,12,12,0,0.29731069369828633,0.0,0.0,0.0
Central,Wisconsin,Labels,177.85,82.9425,20,6,5,0,0.4663621028956986,0.0,0.0,0.0
Central,Wisconsin,Paper,1392.46,665.3864,48,9,8,0,0.4778495612082214,0.0,0.0,0.0
Central,Wisconsin,Phones,4002.6800000000003,1095.8977,40,11,9,0,0.27379098504002314,0.0,0.0,0.0
Central,Wisconsin,Storage,1007.16,105.3917,30,9,7,0,0.10464245998649668,0.0,0.0,0.0
Central,Wisconsin,Supplies,21.81,5.8887,3,1,1,0,0.27,0.0,0.0,0.0
Central,Wisconsin,Tables,867.66,147.5022,6,2,1,0,0.16999999999999998,0.0,0.0,0.0
East,Connecticut,Accessories,657.69,193.7547,13,5,5,0,0.29459882315376545,0.0,0.0,0.0
East,Connecticut,Appliances,1479.18,471.86969999999997,17,5,5,0,0.3190076258467529,0.0,0.0,0.0
East,Connecticut,Art,191.66,70.4846,26,8,8,0,0.3677585307315037,0.0,0.0,0.0
East,Connecticut,Binders,371.87,176.28,48,14,13,0,0.47403662570253047,0.0,0.0,0.0
East,Connecticut,Bookcases,1682.7400000000002,456.677,13,2,2,0,0.2713889252053199,0.0,0.0,0.0
East,Connecticut,Chairs,2782.42,696.257,12,3,3,0,0.25023432839039395,0.0,0.0,0.0
East,Connecticut,Envelopes,10.86,5.1042,3,1,1,0,0.47,0.0,0.0,0.0
East,Connecticut,Furnishings,457.46999999999997,92.9611,19,6,6,0,0.20320698625046452,0.0,0.0,0.0
East,Connecticut,Labels,33.43,15.6968,9,3,3,0,0.46954232725097217,0.0,0.0,0.0
East,Connecticut,Paper,788.22,378.83279999999996,42,12,11,0,0.4806181015452538,0.0,0.0,0.0
East,Connecticut,Phones,2133.34,587.1789,16,6,6,0,0.27523924925234605,0.0,0.0,0.0
East,Connecticut,Storage,2428.2599999999998,355.6081,46,11,10,0,0.14644564420613937,0.0,0.0,0.0
East,Connecticut,Supplies,114.86,30.401500000000002,15,4,4,0,0.26468309246038657,0.0,0.0,0.0
East,Connecticut,Tables,252.357,-19.6146,2,2,2,2,-0.07772560301477668,0.3,1.0,0.3
East,Delaware,Accessories,561.69,175.7004,17,5,5,0,0.312806708326657,0.0,0.0,0.0
East,Delaware,Appliances,140.42,44.3646,8,2,2,0,0.3159421734795614,0.0,0.0,0.0
East,Delaware,Art,535.35,159.6312,43,11,10,0,0.29818100308209583,0.0,0.0,0.0
East,Delaware,Binders,2434.03,1159.597,67,16,14,0,0.4764103154028504,0.0,0.0,0.0
East,Delaware,Bookcases,2051.73,476.9343,15,4,4,0,0.2324547089529324,0.0,0.0,0.0
East,Delaware,Chairs,1559.92,342.1382,14,2,2,0,0.21933060669777935,0.0,0.0,0.0
East,Delaware,Copiers,10499.97,5039.9856,3,1,1,0,0.48000000000000004,0.0,0.0,0.0
East,Delaware,Envelopes,299.23,138.33769999999998,25,4,4,0,0.4623122681549309,0.0,0.0,0.0
East,Delaware,Fasteners,26.18,0.5236,7,1,1,0,0.019999999999999997,0.0,0.0,0.0
East,Delaware,Furnishings,637.39,137.531,28,10,9,0,0.215772133230832,0.0,0.0,0.0
East,Delaware,Labels,74.13,34.7388,20,5,4,0,0.46861999190611087,0.0,0.0,0.0
East,Delaware,Machines,65.97,31.0059,3,1,1,0,0.47000000000000003,0.0,0.0,0.0
East,Delaware,Paper,440.77000000000004,211.0402,44,12,10,0,0.47879892007169267,0.0,0.0,0.0
East,Delaware,Phones,3434.59,992.3589,36,13,12,0,0.2889308185256464,0.0,0.0,0.0
East,Delaware,Storage,4179.42,1119.3837,30,7,7,0,0.26783230687511667,0.0,0.0,0.0
East,Delaware,Tables,510.279,-85.8963,7,2,2,2,-0.1683320301246965,0.3,1.0,0.3
East,District of Columbia,Art,56.66,22.0974,11,2,2,0,0.39,0.0,0.0,0.0
East,District of Columbia,Binders,9.64,4.4344,2,1,1,0,0.45999999999999996,0.0,0.0,0.0
East,District of Columbia,Chairs,1267.53,316.8825,3,1,1,0,0.25,0.0,0.0,0.0
East,District of Columbia,Furnishings,79.05,33.201,5,2,2,0,0.42000000000000004,0.0,0.0,0.0
East,District of Columbia,Machines,1379.92,648.5624,8,1,1,0,0.47,0.0,0.0,0.0
East,District of Columbia,Paper,72.22,34.4116,11,3,2,0,0.47648296870672946,0.0,0.0,0.0
East,Maine,Accessories,323.4,119.6778,11,2,2,0,0.37006122448979595,0.0,0.0,0.0
East,Maine,Appliances,101.96,27.5292,2,1,1,0,0.27,0.0,0.0,0.0
East,Maine,Binders,38.1,17.310200000000002,4,2,1,0,0.4543359580052494,0.0,0.0,0.0
East,Maine,Furnishings,109.48,33.9388,2,1,1,0,0.31,0.0,0.0,0.0
East,Maine,Paper,259.74,124.6752,13,1,1,0,0.48,0.0,0.0,0.0
East,Maine,Phones,437.85,131.355,3,1,1,0,0.29999999999999993,0.0,0.0,0.0
East,Maryland,Accessories,1123.81,415.45550000000003,17,5,5,0,0.3696848221674483,0.0,0.0,0.0
East,Maryland,Appliances,1589.1599999999999,494.2302,26,6,6,0,0.31100090613909237,0.0,0.0,0.0
East,Maryland,Art,433.69,132.7864,45,12,9,0,0.30617814568009405,0.0,0.0,0.0
East,Maryland,Binders,3225.05,1595.5108,52,14,12,0,0.4947243608626223,0.0,0.0,0.0
East,Maryland,Bookcases,881.8199999999999,105.6054,9,3,3,0,0.11975845410628021,0.0,0.0,0.0
East,Maryland,Chairs,4329.91,969.691,33,8,8,0,0.22395176805060615,0.0,0.0,0.0
East,Maryland,Envelopes,337.15,153.09,14,2,2,0,0.4540708883286371,0.0,0.0,0.0
East,Maryland,Fasteners,27.32,10.4704,8,2,2,0,0.3832503660322108,0.0,0.0,0.0
East,Maryland,Furnishings,3147.72,901.648,57,15,13,0,0.28644479178580057,0.0,0.0,0.0
East,Maryland,Labels,171.51,82.5024,26,6,6,0,0.4810355081336365,0.0,0.0,0.0
East,Maryland,Machines,464.97,209.2365,3,1,1,0,0.45,0.0,0.0,0.0
East,Maryland,Paper,1039.35,504.9161,55,13,11,0,0.48579987492182614,0.0,0.0,0.0
East,Maryland,Phones,2577.26,698.1856,24,8,7,0,0.2709022760606225,0.0,0.0,0.0
East,Maryland,Storage,3541.98,822.4623,43,7,5,0,0.2322041061779005,0.0,0.0,0.0
East,Maryland,Supplies,25.02,6.5052,3,1,1,0,0.26,0.0,0.0,0.0
East,Maryland,Tables,789.8030000000001,-71.117,5,2,2,2,-0.09004397299073312,0.29999999999999993,1.0,0.3
East,Massachusetts,Accessories,896.9100000000001,271.6026,24,6,6,0,0.3028203498678797,0.0,0.0,0.0
East,Massachusetts,Appliances,3347.75,999.7393,26,6,6,0,0.2986302143230528,0.0,0.0,0.0
East,Massachusetts,Art,226.05,66.80969999999999,30,11,10,0,0.2955527538155275,0.0,0.0,0.0
East,Massachusetts,Binders,2105.19,1000.7748,78,17,16,0,0.47538454961309906,0.0,0.0,0.0
East,Massachusetts,Bookcases,1873.72,414.09360000000004,12,6,6,0,0.221000789872553,0.0,0.0,0.0
East,Massachusetts,Chairs,4245.6,962.1228,28,6,6,0,0.2266164499717354,0.0,0.0,0.0
East,Massachusetts,Copiers,1199.98,467.9922,2,1,1,0,0.39,0.0,0.0,0.0
East,Massachusetts,Fasteners,51.16,23.8116,15,3,3,0,0.46543393275996875,0.0,0.0,0.0
East,Massachusetts,Furnishings,833.74,259.151,44,14,10,0,0.3108295151965841,0.0,0.0,0.0
East,Massachusetts,Labels,165.65,76.66579999999999,13,5,4,0,0.46281798973739807,0.0,0.0,0.0
East,Massachusetts,Paper,1774.09,831.8217,101,27,22,0,0.4688723232755948,0.0,0.0,0.0
East,Massachusetts,Phones,3629.74,1016.1552999999999,43,12,11,0,0.2799526412360114,0.0,0.0,0.0
East,Massachusetts,Storage,4288.78,933.1969,48,12,12,0,0.21759029374320904,0.0,0.0,0.0
East,Massachusetts,Supplies,30.07,6.859,5,2,2,0,0.2281010974393083,0.0,0.0,0.0
East,Massachusetts,Tables,3966.004,-545.2947,22,7,7,5,-0.13749222138959014,0.3,0.7142857142857143,0.3
East,New Hampshire,Accessories,2811.85,655.2223,15,4,3,0,0.23302178281202768,0.0,0.0,0.0
East,New Hampshire,Appliances,33.28,9.3184,4,1,1,0,0.28,0.0,0.0,0.0
East,New Hampshire,Art,266.4,80.3052,15,2,2,0,0.301445945945946,0.0,0.0,0.0
East,New Hampshire,Binders,763.48,359.0648,9,3,3,0,0.47030020432755276,0.0,0.0,0.0
East,New Hampshire,Fasteners,14.82,6.9654,6,1,1,0,0.47,0.0,0.0,0.0
East,New Hampshire,Furnishings,833.31,259.2534,23,5,5,0,0.31111279115815244,0.0,0.0,0.0
East,New Hampshire,Labels,41.16,19.4264,12,2,2,0,0.47197278911564633,0.0,0.0,0.0
East,New Hampshire,Paper,284.88,132.9606,21,4,4,0,0.46672493681550126,0.0,0.0,0.0
East,New Hampshire,Phones,824.95,247.485,5,1,1,0,0.3,0.0,0.0,0.0
East,New Hampshire,Storage,337.29999999999995,33.718,10,2,2,0,0.09996442336199232,0.0,0.0,0.0
East,New Hampshire,Supplies,27.93,8.0997,3,1,1,0,0.29000000000000004,0.0,0.0,0.0
East,New Hampshire,Tables,1053.164,-105.3164,4,1,1,1,-0.1,0.3,1.0,0.3
East,New Jersey,Accessories,1023.56,349.6286,34,9,9,0,0.34158095275313616,0.0,0.0,0.0
East,New Jersey,Appliances,4204.36,1203.438,48,13,12,0,0.28623571720785096,0.0,0.0,0.0
East,New Jersey,Art,742.8,203.29289999999997,37,11,11,0,0.2736845718901454,0.0,0.0,0.0
East,New Jersey,Binders,3529.52,1649.0788,49,15,14,0,0.46722466511026994,0.0,0.0,0.0
East,New Jersey,Bookcases,2275.88,141.39200000000002,6,2,2,0,0.06212629839886111,0.0,0.0,0.0
East,New Jersey,Chairs,2661.9,530.9126,22,8,7,0,0.19944873962207446,0.0,0.0,0.0
East,New Jersey,Envelopes,153.7,72.1862,14,4,4,0,0.4696564736499675,0.0,0.0,0.0
East,New Jersey,Fasteners,54.12,15.110800000000001,20,5,5,0,0.27920916481892094,0.0,0.0,0.0
East,New Jersey,Furnishings,950.97,311.3153,53,14,14,0,0.3273660578146524,0.0,0.0,0.0
East,New Jersey,Labels,66.34,32.1345,13,5,5,0,0.48439101597829365,0.0,0.0,0.0
East,New Jersey,Machines,9899.85,2709.9522,19,3,3,0,0.27373669298019665,0.0,0.0,0.0
East,New Jersey,Paper,1421.76,683.3578,59,18,15,0,0.48064216182759395,0.0,0.0,0.0
East,New Jersey,Phones,3577.75,1110.6172,33,9,8,0,0.3104233666410453,0.0,0.0,0.0
East,New Jersey,Storage,4669.08,779.1128,33,9,9,0,0.16686644906491216,0.0,0.0,0.0
East,New Jersey,Supplies,114.43,32.6747,10,3,3,0,0.28554312680241195,0.0,0.0,0.0
East,New Jersey,Tables,418.29200000000003,-51.2906,4,2,2,2,-0.12261912730819617,0.29999999999999993,1.0,0.3
East,New York,Accessories,19597.54,5627.5702,276,76,68,0,0.2871569697012992,0.0,0.0,0.0
East,New York,Appliances,13276.38,3807.7645,166,44,44,0,0.28680743546056986,0.0,0.0,0.0
East,New York,Art,2983.6,902.0926,336,90,80,0,0.3023503820887518,0.0,0.0,0.0
East,New York,Binders,32456.911999999997,11096.026,696,179,157,0,0.3418694298459447,0.20000000000000004,0.0,0.2
East,New York,Bookcases,22777.144,350.87440000000004,113,32,30,15,0.01540467057678522,0.2,0.46875,0.2
East,New York,Chairs,46634.247,7111.0119,313,76,71,4,0.15248475867960298,0.1,0.05263157894736842,0.1
East,New York,Copiers,17199.84,5839.95,20,7,7,0,0.33953513521056006,0.2,0.0,0.2
East,New York,Envelopes,1776.83,831.0267,105,32,32,0,0.46770186230534155,0.0,0.0,0.0
East,New York,Fasteners,286.51,116.6671,86,21,21,0,0.4072007957837423,0.0,0.0,0.0
East,New York,Furnishings,10182.32,2931.4346,356,100,91,0,0.2878945662678054,0.0,0.0,0.0
East,New York,Labels,1290.57,611.1723000000001,178,45,41,0,0.47356772588856094,0.0,0.0,0.0
East,New York,Machines,43183.5,17320.0762,73,16,16,0,0.40108088042886747,0.0,0.0,0.0
East,New York,Paper,8457.26,4023.0799,565,150,135,0,0.4756954261782185,0.0,0.0,0.0
East,New York,Phones,47502.62,13399.1892,393,109,99,0,0.2820726351514927,0.0,0.0,0.0
East,New York,Storage,26928.350000000002,4338.2179,356,98,89,0,0.16110225468697487,0.0,0.0,0.0
East,New York,Supplies,2563.63,268.0359,97,25,24,0,0.1045532701676919,0.0,0.0,0.0
East,New York,Tables,13779.018,-4535.6408,95,28,26,28,-0.32917010486523784,0.4,1.0,0.4
East,Ohio,Accessories,8222.872,1452.8700999999999,155,43,41,10,0.17668645456234755,0.20000000000000004,0.23255813953488372,0.2
East,Ohio,Appliances,4807.536,486.2553,96,23,22,0,0.10114439080643389,0.2,0.0,0.2
East,Ohio,Art,840.104,103.2376,140,39,37,0,0.12288669021930618,0.2,0.0,0.2
East,Ohio,Binders,1917.087,-1400.6681,292,73,65,73,-0.7306231276932138,0.7000000000000001,1.0,0.7
East,Ohio,Bookcases,2077.705,-1359.0516,32,8,8,8,-0.6541119167543035,0.5,1.0,0.5
East,Ohio,Chairs,10145.702,-649.3542,79,23,20,22,-0.06400288516260383,0.3,0.9565217391304348,0.3
East,Ohio,Copiers,3839.934,446.9923,11,4,4,0,0.1164062455240116,0.39999999999999997,0.0,0.4
East,Ohio,Envelopes,562.0,194.6051,38,12,11,0,0.3462724199288256,0.2,0.0,0.2
East,Ohio,Fasteners,204.896,61.1197,83,14,13,1,0.2982962088083711,0.2,0.07142857142857142,0.2
East,Ohio,Furnishings,4088.624,517.4191,184,46,44,7,0.1265509129721882,0.20000000000000004,0.15217391304347827,0.2
East,Ohio,Labels,161.84,55.5222,43,13,13,0,0.3430684626791893,0.2,0.0,0.2
East,Ohio,Machines,8978.238,-11770.9447,39,8,8,8,-1.3110528702847932,0.7,1.0,0.7
East,Ohio,Paper,2146.288,744.0522,194,56,48,0,0.34666931930849915,0.2,0.0,0.2
East,Ohio,Phones,14634.948,-2778.8577999999998,179,47,41,43,-0.1898782148047263,0.4,0.9148936170212766,0.4
East,Ohio,Storage,7264.4400000000005,-276.3364,123,37,32,18,-0.038039601125482485,0.2,0.4864864864864865,0.2
East,Ohio,Supplies,478.808,-82.9029,22,7,7,3,-0.1731443501361715,0.2,0.42857142857142855,0.2
East,Ohio,Tables,7887.1140000000005,-2715.3345,49,16,16,16,-0.34427478796426675,0.39999999999999997,1.0,0.4
East,Pennsylvania,Accessories,7299.28,898.9687,141,45,41,14,0.12315854440437962,0.2,0.3111111111111111,0.2
East,Pennsylvania,Appliances,4663.28,694.215,77,23,18,0,0.14886839306239386,0.2,0.0,0.2
East,Pennsylvania,Art,1152.1599999999999,137.7581,155,40,38,0,0.11956507776697683,0.20000000000000004,0.0,0.2
East,Pennsylvania,Binders,6266.058,-4570.975,331,98,81,98,-0.7294817571110896,0.7000000000000001,1.0,0.7
East,Pennsylvania,Bookcases,5230.755,-2896.7601,44,10,10,10,-0.5537938787039347,0.5,1.0,0.5
East,Pennsylvania,Chairs,18724.174,-1993.418,153,36,34,32,-0.10646226637287177,0.3,0.8888888888888888,0.3
East,Pennsylvania,Copiers,13079.868000000002,1735.9829,22,5,5,0,0.1327217445925295,0.39999999999999997,0.0,0.4
East,Pennsylvania,Envelopes,1234.064,417.1003,67,18,18,0,0.337989196670513,0.19999999999999998,0.0,0.2
East,Pennsylvania,Fasteners,154.712,29.3222,73,14,14,4,0.1895276384507989,0.20000000000000004,0.2857142857142857,0.2
East,Pennsylvania,Furnishings,7347.816,282.212,225,64,57,8,0.03840760302108817,0.2,0.125,0.2
East,Pennsylvania,Labels,598.304,201.4208,106,23,22,0,0.33665293897416704,0.2,0.0,0.2
East,Pennsylvania,Machines,2133.717,-2219.2456,20,7,6,7,-1.040084322335155,0.7,1.0,0.7
East,Pennsylvania,Paper,2378.304,813.0179,236,66,60,0,0.34184776210274215,0.2,0.0,0.2
East,Pennsylvania,Phones,19702.404000000002,-3606.9276,235,62,57,54,-0.18307043140522342,0.39999999999999997,0.8709677419354839,0.4
East,Pennsylvania,Storage,11784.624,-1434.3118,169,49,47,29,-0.12171044235267922,0.2,0.5918367346938775,0.2
East,Pennsylvania,Supplies,6710.2080000000005,-1459.5663,34,12,12,7,-0.21751431550258946,0.19999999999999998,0.5833333333333334,0.2
East,Pennsylvania,Tables,8052.186,-2588.7538,65,15,14,15,-0.32149701956710885,0.4,1.0,0.4
East,Rhode Island,Accessories,2209.76,924.7621999999999,12,4,4,0,0.41848988125407277,0.0,0.0,0.0
East,Rhode Island,Appliances,2.22,0.666,1,1,1,0,0.3,0.0,0.0,0.0
East,Rhode Island,Art,49.25,18.715,5,1,1,0,0.38,0.0,0.0,0.0
East,Rhode Island,Binders,292.42,138.0673,17,6,6,0,0.4721540934272621,0.0,0.0,0.0
East,Rhode Island,Bookcases,562.9399999999999,129.4762,3,2,2,0,0.23000000000000004,0.0,0.0,0.0
East,Rhode Island,Chairs,3194.0800000000004,892.7268,16,4,4,0,0.27949418925011266,0.0,0.0,0.0
East,Rhode Island,Copiers,7399.87,3491.9388,13,2,2,0,0.4718919116146635,0.0,0.0,0.0
East,Rhode Island,Furnishings,403.49,121.3418,19,6,4,0,0.30073062529430716,0.0,0.0,0.0
East,Rhode Island,Paper,569.68,270.4294,46,13,11,0,0.47470404437578995,0.0,0.0,0.0
East,Rhode Island,Phones,864.78,181.3113,10,3,3,0,0.20966176368556164,0.0,0.0,0.0
East,Rhode Island,Storage,4626.06,1311.6043,36,9,9,0,0.2835251380224208,0.0,0.0,0.0
East,Rhode Island,Supplies,695.16,34.758,6,1,1,0,0.05,0.0,0.0,0.0
East,Rhode Island,Tables,1758.246,-230.1678,15,4,3,4,-0.1309076204353657,0.3,1.0,0.3
East,Vermont,Accessories,305.01,110.65129999999999,9,2,2,0,0.3627792531392413,0.0,0.0,0.0
East,Vermont,Appliances,542.94,152.0232,3,1,1,0,0.27999999999999997,0.0,0.0,0.0
East,Vermont,Art,8.04,2.7336,6,1,1,0,0.34,0.0,0.0,0.0
East,Vermont,Bookcases,4404.9,1013.127,5,1,1,0,0.23,0.0,0.0,0.0
East,Vermont,Chairs,715.2,178.8,3,1,1,0,0.25,0.0,0.0,0.0
East,Vermont,Envelopes,2.04,0.9588,1,1,1,0,0.47,0.0,0.0,0.0
East,Vermont,Paper,92.2,43.333999999999996,5,2,1,0,0.4699999999999999,0.0,0.0,0.0
East,Vermont,Phones,1294.75,336.635,5,1,1,0,0.26,0.0,0.0,0.0
East,Vermont,Storage,1564.29,406.7154,13,1,1,0,0.26,0.0,0.0,0.0
East,West Virginia,Binders,88.64,43.4336,7,2,1,0,0.49,0.0,0.0,0.0
East,West Virginia,Paper,447.84,219.4416,8,1,1,0,0.49,0.0,0.0,0.0
East,West Virginia,Tables,673.344,-76.9536,3,1,1,1,-0.11428571428571427,0.3,1.0,0.3
South,Alabama,Accessories,2322.83,816.4345999999999,24,6,6,0,0.3514827172027225,0.0,0.0,0.0
South,Alabama,Appliances,208.16,56.2032,1,1,1,0,0.27,0.0,0.0,0.0
South,Alabama,Art,301.21000000000004,88.5344,38,7,7,0,0.29392915241857837,0.0,0.0,0.0
South,Alabama,Binders,466.82,227.7688,41,10,9,0,0.4879156848464076,0.0,0.0,0.0
South,Alabama,Chairs,3915.54,660.9664,30,5,5,0,0.1688059373675151,0.0,0.0,0.0
South,Alabama,Copiers,899.97,314.9895,3,1,1,0,0.35000000000000003,0.0,0.0,0.0
South,Alabama,Envelopes,105.83999999999999,52.62479999999999,11,2,2,0,0.4972108843537415,0.0,0.0,0.0
South,Alabama,Fasteners,3.62,1.1946,2,1,1,0,0.33,0.0,0.0,0.0
South,Alabama,Furnishings,40.480000000000004,14.3488,12,3,3,0,0.3544664031620553,0.0,0.0,0.0
South,Alabama,Labels,506.49,247.7319,8,2,2,0,0.48911508618136584,0.0,0.0,0.0
South,Alabama,Machines,3040.0,1459.2,8,1,1,0,0.48000000000000004,0.0,0.0,0.0
South,Alabama,Paper,883.02,424.2124,29,8,7,0,0.48041086272111616,0.0,0.0,0.0
South,Alabama,Phones,2706.28,707.1788,18,6,5,0,0.26131028570583975,0.0,0.0,0.0
South,Alabama,Storage,1249.41,147.8564,14,3,3,0,0.1183409769411162,0.0,0.0,0.0
South,Alabama,Supplies,484.51,11.5077,5,2,2,0,0.023751212565272132,0.0,0.0,0.0
South,Alabama,Tables,2376.46,556.073,12,3,3,0,0.23399215640069682,0.0,0.0,0.0
South,Arkansas,Accessories,1788.44,683.6698,43,11,8,0,0.3822715886470891,0.0,0.0,0.0
South,Arkansas,Art,78.3,23.7318,27,6,5,0,0.303088122605364,0.0,0.0,0.0
South,Arkansas,Binders,2889.83,1356.2051999999999,42,10,8,0,0.4693027617541516,0.0,0.0,0.0
South,Arkansas,Bookcases,638.82,172.4814,9,1,1,0,0.27,0.0,0.0,0.0
South,Arkansas,Chairs,1673.2800000000002,369.549,9,2,2,0,0.22085305507745262,0.0,0.0,0.0
South,Arkansas,Envelopes,311.7,148.6074,8,3,3,0,0.4767641963426372,0.0,0.0,0.0
South,Arkansas,Fasteners,42.67,18.9612,13,2,2,0,0.44436840871806893,0.0,0.0,0.0
South,Arkansas,Furnishings,573.49,194.1308,23,5,5,0,0.3385077333519329,0.0,0.0,0.0
South,Arkansas,Labels,7.31,3.4357,1,1,1,0,0.47000000000000003,0.0,0.0,0.0
South,Arkansas,Paper,805.52,382.7626,36,12,10,0,0.47517454563511774,0.0,0.0,0.0
South,Arkansas,Phones,2136.81,577.7686,19,4,4,0,0.27038838268259696,0.0,0.0,0.0
South,Arkansas,Storage,430.0,32.089600000000004,8,2,1,0,0.07462697674418606,0.0,0.0,0.0
South,Arkansas,Tables,301.96,45.294,2,1,1,0,0.15,0.0,0.0,0.0
South,Florida,Accessories,5861.9439999999995,750.0683,108,27,25,9,0.12795555535842718,0.2,0.3333333333333333,0.2
South,Florida,Appliances,3558.44,349.75640000000004,68,18,17,0,0.0982892503456571,0.19999999999999998,0.0,0.2
South,Florida,Art,710.9200000000001,77.9391,91,29,29,0,0.1096313227930006,0.19999999999999998,0.0,0.2
South,Florida,Binders,3690.498,-2760.7304,262,67,56,67,-0.7480644617609873,0.7,1.0,0.7
South,Florida,Bookcases,2587.056,-116.0706,29,8,8,4,-0.04486590162717776,0.2,0.5,0.2
South,Florida,Chairs,11168.816,-37.558599999999984,75,19,18,9,-0.003362809450885392,0.2,0.47368421052631576,0.2
South,Florida,Copiers,1439.968,401.9918,4,2,2,0,0.27916717593724305,0.2,0.0,0.2
South,Florida,Envelopes,211.0,72.5689,26,9,9,0,0.34392843601895734,0.2,0.0,0.2
South,Florida,Fasteners,49.256,16.5085,15,5,5,0,0.335157138216664,0.2,0.0,0.2
South,Florida,Furnishings,3746.192,391.7596,150,47,38,4,0.10457541951934124,0.2,0.0851063829787234,0.2
South,Florida,Labels,385.808,136.5696,50,18,17,0,0.35398332849500275,0.2,0.0,0.2
South,Florida,Machines,24573.940000000002,-1976.0110000000002,18,6,5,6,-0.0804108335903807,0.5,1.0,0.5
South,Florida,Paper,2425.56,833.0004,198,51,45,0,0.3434260129619552,0.2,0.0,0.2
South,Florida,Phones,15092.184,1354.7557,130,34,33,3,0.08976538451956324,0.2,0.08823529411764706,0.2
South,Florida,Storage,7419.256,-203.1068,87,25,23,9,-0.027375629038814672,0.2,0.36,0.2
South,Florida,Supplies,1067.896,-197.63150000000002,23,7,7,4,-0.18506624240562752,0.2,0.5714285714285714,0.2
South,Florida,Tables,5484.974,-2493.1111,45,11,10,11,-0.45453471611715934,0.45,1.0,0.45
South,Georgia,Accessories,3657.87,887.8451,86,19,18,0,0.2427218845940397,0.0,0.0,0.0
South,Georgia,Appliances,3432.15,1058.5832,35,9,8,0,0.30843150794691376,0.0,0.0,0.0
South,Georgia,Art,526.6800000000001,159.71280000000002,55,17,15,0,0.3032444748234222,0.0,0.0,0.0
South,Georgia,Binders,11672.32,5717.3075,76,24,23,0,0.4898175769684176,0.0,0.0,0.0
South,Georgia,Bookcases,3793.5,883.262,26,5,5,0,0.23283563991037298,0.0,0.0,0.0
South,Georgia,Chairs,1858.16,414.3629,17,6,6,0,0.22299635122917294,0.0,0.0,0.0
South,Georgia,Copiers,2999.95,1439.976,5,1,1,0,0.4800000000000001,0.0,0.0,0.0
South,Georgia,Envelopes,446.57,211.0561,33,8,7,0,0.4726159392704391,0.0,0.0,0.0
South,Georgia,Fasteners,15.12,0.3024,8,2,2,0,0.02,0.0,0.0,0.0
South,Georgia,Furnishings,1805.08,613.8860999999999,68,19,18,0,0.34008802933941984,0.0,0.0,0.0
South,Georgia,Labels,244.92,116.0168,31,7,7,0,0.47369263432957703,0.0,0.0,0.0
South,Georgia,Machines,396.0,190.08,4,1,1,0,0.48000000000000004,0.0,0.0,0.0
South,Georgia,Paper,2957.24,1417.8822,139,31,24,0,0.4794613220435271,0.0,0.0,0.0
South,Georgia,Phones,7004.73,1881.7586,60,16,13,0,0.2686411324919019,0.0,0.0,0.0
South,Georgia,Storage,7381.29,1109.9142,53,15,13,0,0.15036859410753403,0.0,0.0,0.0
South,Georgia,Supplies,39.519999999999996,10.1504,4,2,2,0,0.2568421052631579,0.0,0.0,0.0
South,Georgia,Tables,864.74,137.947,5,2,2,0,0.15952425006360293,0.0,0.0,0.0
South,Kentucky,Accessories,2976.2999999999997,703.4852,45,8,8,0,0.23636232906629037,0.0,0.0,0.0
South,Kentucky,Appliances,1335.62,371.1852,29,8,8,0,0.2779122804390471,0.0,0.0,0.0
South,Kentucky,Art,350.71999999999997,98.606,40,12,10,0,0.2811530565693431,0.0,0.0,0.0
South,Kentucky,Binders,3695.82,1740.0312,87,22,17,0,0.470810591424907,0.0,0.0,0.0
South,Kentucky,Bookcases,261.96,41.9136,2,1,1,0,0.16000000000000003,0.0,0.0,0.0
South,Kentucky,Chairs,9233.57,2552.2605,53,16,14,0,0.27641101978974547,0.0,0.0,0.0
South,Kentucky,Copiers,1399.98,629.991,2,1,1,0,0.45,0.0,0.0,0.0
South,Kentucky,Envelopes,105.35,48.0766,7,4,3,0,0.4563512102515425,0.0,0.0,0.0
South,Kentucky,Fasteners,76.06,21.8478,15,4,4,0,0.28724428083092296,0.0,0.0,0.0
South,Kentucky,Furnishings,1788.37,456.66049999999996,48,12,11,0,0.25535012329663326,0.0,0.0,0.0
South,Kentucky,Labels,363.4,176.8009,22,6,5,0,0.48651871216290593,0.0,0.0,0.0
South,Kentucky,Machines,3080.0,1416.8,7,1,1,0,0.45999999999999996,0.0,0.0,0.0
South,Kentucky,Paper,1058.5500000000002,502.2111,43,13,11,0,0.4744330452033441,0.0,0.0,0.0
South,Kentucky,Phones,5114.360000000001,1406.3602,43,13,11,0,0.2749826371237066,0.0,0.0,0.0
South,Kentucky,Storage,4822.43,855.3874,70,14,14,0,0.17737684113610772,0.0,0.0,0.0
South,Kentucky,Supplies,86.32000000000001,17.9208,7,3,3,0,0.2076088971269694,0.0,0.0,0.0
South,Kentucky,Tables,842.94,160.1586,3,1,1,0,0.19,0.0,0.0,0.0
South,Louisiana,Accessories,1667.8,593.5582,26,7,7,0,0.3558929128192829,0.0,0.0,0.0
South,Louisiana,Appliances,17.34,4.6818,2,1,1,0,0.27,0.0,0.0,0.0
South,Louisiana,Art,129.5,36.992000000000004,7,2,2,0,0.2856525096525097,0.0,0.0,0.0
South,Louisiana,Binders,628.52,290.5414,33,6,6,0,0.46226277604531285,0.0,0.0,0.0
South,Louisiana,Bookcases,387.70000000000005,57.192800000000005,5,2,2,0,0.14751818416301263,0.0,0.0,0.0
South,Louisiana,Chairs,802.34,228.7888,12,3,3,0,0.28515193060298627,0.0,0.0,0.0
South,Louisiana,Envelopes,62.3,30.809199999999997,5,2,1,0,0.494529695024077,0.0,0.0,0.0
South,Louisiana,Furnishings,182.48999999999998,31.618599999999997,14,4,4,0,0.1732620965532358,0.0,0.0,0.0
South,Louisiana,Labels,11.07,5.2029,3,1,1,0,0.47,0.0,0.0,0.0
South,Louisiana,Machines,479.97,239.985,3,1,1,0,0.5,0.0,0.0,0.0
South,Louisiana,Paper,103.68,49.896,16,5,4,0,0.48124999999999996,0.0,0.0,0.0
South,Louisiana,Phones,683.0699999999999,181.47199999999998,12,3,2,0,0.26567116108158756,0.0,0.0,0.0
South,Louisiana,Storage,805.1300000000001,43.6568,11,2,2,0,0.054223293132785996,0.0,0.0,0.0
South,Louisiana,Supplies,1665.62,33.3124,2,1,1,0,0.02,0.0,0.0,0.0
South,Louisiana,Tables,1590.5,368.3944,5,2,2,0,0.23162175416535682,0.0,0.0,0.0
South,Mississippi,Accessories,2009.66,754.6503,29,8,8,0,0.3755114297940945,0.0,0.0,0.0
South,Mississippi,Appliances,615.55,176.9454,9,3,3,0,0.2874590203882707,0.0,0.0,0.0
South,Mississippi,Art,606.66,162.55560000000003,22,5,4,0,0.2679517357333598,0.0,0.0,0.0
South,Mississippi,Binders,966.85,457.6871,36,9,7,0,0.4733796348968299,0.0,0.0,0.0
South,Mississippi,Bookcases,504.9,126.225,5,1,1,0,0.25,0.0,0.0,0.0
South,Mississippi,Chairs,866.4,225.264,4,1,1,0,0.26,0.0,0.0,0.0
South,Mississippi,Envelopes,91.37,43.490899999999996,13,2,2,0,0.4759866476961803,0.0,0.0,0.0
South,Mississippi,Fasteners,35.019999999999996,5.4894,7,2,2,0,0.1567504283266705,0.0,0.0,0.0
South,Mississippi,Furnishings,430.49,182.163,25,5,5,0,0.4231526864735534,0.0,0.0,0.0
South,Mississippi,Labels,14.62,6.8714,2,1,1,0,0.47000000000000003,0.0,0.0,0.0
South,Mississippi,Paper,725.28,344.0696,36,7,5,0,0.47439554378998455,0.0,0.0,0.0
South,Mississippi,Phones,812.6700000000001,231.7521,9,3,2,0,0.2851736867363136,0.0,0.0,0.0
South,Mississippi,Storage,575.81,44.644800000000004,15,4,4,0,0.07753390875462393,0.0,0.0,0.0
South,Mississippi,Tables,2516.06,411.1676,9,2,2,0,0.16341724760140855,0.0,0.0,0.0
South,North Carolina,Accessories,3506.632,821.0744,72,19,17,3,0.23414900679626488,0.2,0.15789473684210525,0.2
South,North Carolina,Appliances,4137.552,485.6746,57,17,17,0,0.11738211386829701,0.20000000000000004,0.0,0.2
South,North Carolina,Art,603.392,78.9165,107,26,24,0,0.13078811121128553,0.2,0.0,0.2
South,North Carolina,Binders,2562.321,-2007.8254000000002,185,36,33,36,-0.7835963565845185,0.7000000000000001,1.0,0.7
South,North Carolina,Bookcases,959.056,-97.97800000000001,19,4,4,3,-0.10216087486027928,0.2,0.75,0.2
South,North Carolina,Chairs,2723.592,142.7239,36,11,11,2,0.052402819511879896,0.20000000000000004,0.18181818181818182,0.2
South,North Carolina,Copiers,959.968,119.996,4,1,1,0,0.125,0.2,0.0,0.2
South,North Carolina,Envelopes,431.144,139.7061,20,6,6,0,0.3240358209786057,0.2,0.0,0.2
South,North Carolina,Fasteners,66.336,21.8637,22,4,4,0,0.32959026772793054,0.2,0.0,0.2
South,North Carolina,Furnishings,1791.104,153.0447,70,19,19,1,0.08544713204816694,0.20000000000000004,0.05263157894736842,0.2
South,North Carolina,Labels,229.424,75.86840000000001,35,9,9,0,0.33069077341516145,0.2,0.0,0.2
South,North Carolina,Machines,12620.655,-5384.8086,11,4,4,4,-0.4266663338788676,0.5,1.0,0.5
South,North Carolina,Paper,2594.264,898.8403,139,36,32,0,0.34647217862175933,0.19999999999999998,0.0,0.2
South,North Carolina,Phones,8995.864,860.4342,87,27,27,0,0.09564775545739687,0.20000000000000004,0.0,0.2
South,North Carolina,Storage,3438.088,-86.20880000000001,54,16,15,9,-0.025074634506155748,0.2,0.5625,0.2
South,North Carolina,Supplies,302.04,-27.980300000000003,16,6,6,2,-0.09263773010197325,0.19999999999999998,0.3333333333333333,0.2
South,North Carolina,Tables,9681.732,-3684.2539,49,8,8,8,-0.3805366539788542,0.4,1.0,0.4
South,South Carolina,Accessories,138.89,40.8828,5,2,2,0,0.29435380516955867,0.0,0.0,0.0
South,South Carolina,Art,35.44,9.909600000000001,7,2,2,0,0.27961625282167046,0.0,0.0,0.0
South,South Carolina,Binders,515.0799999999999,246.6088,30,8,6,0,0.4787776656053429,0.0,0.0,0.0
South,South Carolina,Chairs,2537.94,543.076,12,3,3,0,0.2139829940818144,0.0,0.0,0.0
South,South Carolina,Envelopes,318.84999999999997,149.8595,10,3,3,0,0.47000000000000003,0.0,0.0,0.0
South,South Carolina,Fasteners,43.41,17.994,7,2,2,0,0.41451278507256395,0.0,0.0,0.0
South,South Carolina,Furnishings,540.3100000000001,69.7679,10,3,3,0,0.1291256871055505,0.0,0.0,0.0
South,South Carolina,Paper,331.84999999999997,159.8973,29,6,6,0,0.4818360705137864,0.0,0.0,0.0
South,South Carolina,Phones,1452.73,412.7047,15,4,3,0,0.28408905990789757,0.0,0.0,0.0
South,South Carolina,Storage,2567.21,118.356,47,9,6,0,0.04610296781330705,0.0,0.0,0.0
South,Tennessee,Accessories,410.568,35.2185,29,9,8,2,0.08577994388262115,0.2,0.2222222222222222,0.2
South,Tennessee,Appliances,1914.984,203.1673,44,10,10,0,0.10609347127704462,0.2,0.0,0.2
South,Tennessee,Art,436.48,62.7135,65,17,16,0,0.1436801228005865,0.2,0.0,0.2
South,Tennessee,Binders,5148.042,-3635.9181,96,29,23,29,-0.7062720350766368,0.7,1.0,0.7
South,Tennessee,Bookcases,518.24,-6.323599999999999,6,2,2,1,-0.012202068539672737,0.20000000000000004,0.5,0.2
South,Tennessee,Chairs,5074.888,150.4254,44,13,12,5,0.02964112705541482,0.2,0.38461538461538464,0.2
South,Tennessee,Envelopes,177.352,62.2686,26,5,5,0,0.3511017637241193,0.19999999999999998,0.0,0.2
South,Tennessee,Fasteners,86.664,28.8941,16,3,3,0,0.33340372011446506,0.2,0.0,0.2
South,Tennessee,Furnishings,1699.2479999999998,310.6829,81,22,20,2,0.18283552489101065,0.20000000000000004,0.09090909090909091,0.2
South,Tennessee,Labels,115.368,41.4712,27,8,8,0,0.35946883017821235,0.20000000000000004,0.0,0.2
South,Tennessee,Machines,740.475,-274.4095,3,2,2,2,-0.3705857726459367,0.5,1.0,0.5
South,Tennessee,Paper,1060.32,363.8583,97,26,25,0,0.3431589520144862,0.20000000000000004,0.0,0.2
South,Tennessee,Phones,3656.2400000000002,305.2247,42,9,8,2,0.08348048815176246,0.2,0.2222222222222222,0.2
South,Tennessee,Storage,3310.8559999999998,-333.5739,60,18,17,13,-0.1007515579052668,0.2,0.7222222222222222,0.2
South,Tennessee,Supplies,97.792,8.0208,11,2,2,1,0.08201897905759162,0.19999999999999998,0.5,0.2
South,Tennessee,Tables,6214.356,-2663.4138000000003,34,8,8,8,-0.42859047663185057,0.4,1.0,0.4
South,Virginia,Accessories,2935.82,917.6552,37,12,12,0,0.3125720241704192,0.0,0.0,0.0
South,Virginia,Appliances,4305.530000000001,1417.7425,48,14,14,0,0.32928408349262456,0.0,0.0,0.0
South,Virginia,Art,876.32,258.9753,88,19,16,0,0.2955259494248676,0.0,0.0,0.0
South,Virginia,Binders,4794.24,2268.9879,93,25,23,0,0.47327374098918706,0.0,0.0,0.0
South,Virginia,Bookcases,1248.13,278.7892,17,4,4,0,0.22336551481015596,0.0,0.0,0.0
South,Virginia,Chairs,5321.92,1362.231,39,9,9,0,0.25596607991100956,0.0,0.0,0.0
South,Virginia,Copiers,1599.92,751.9624,8,1,1,0,0.47,0.0,0.0,0.0
South,Virginia,Envelopes,1084.08,506.40889999999996,47,10,10,0,0.4671324072024205,0.0,0.0,0.0
South,Virginia,Fasteners,85.16,40.6624,21,4,4,0,0.477482386096759,0.0,0.0,0.0
South,Virginia,Furnishings,4709.429999999999,1024.6200000000001,114,26,23,0,0.21756773112669692,0.0,0.0,0.0
South,Virginia,Labels,474.77,230.80349999999999,37,12,11,0,0.4861374981570023,0.0,0.0,0.0
South,Virginia,Machines,8959.92,2890.2711,8,2,2,0,0.3225777797123188,0.0,0.0,0.0
South,Virginia,Paper,1205.7,570.4312,89,26,24,0,0.4731120510906527,0.0,0.0,0.0
South,Virginia,Phones,10649.5,2847.8657,91,21,19,0,0.2674177848725292,0.0,0.0,0.0
South,Virginia,Storage,3768.58,545.2808,69,20,19,0,0.14469131609253352,0.0,0.0,0.0
South,Virginia,Supplies,4575.2300000000005,146.577,24,6,6,0,0.03203707791739431,0.0,0.0,0.0
South,Virginia,Tables,14042.470000000001,2538.6863,63,13,12,0,0.18078630753706432,0.0,0.0,0.0
West,Arizona,Accessories,3396.16,224.7694,85,22,19,10,0.06618339536417601,0.20000000000000004,0.45454545454545453,0.2
West,Arizona,Appliances,774.432,83.25479999999999,21,6,6,0,0.10750433866369156,0.2,0.0,0.2
West,Arizona,Art,1389.1519999999998,140.9434,47,14,12,0,0.101460027412407,0.2,0.0,0.2
West,Arizona,Binders,2185.353,-1646.7484,155,35,31,35,-0.7535388561939421,0.7,1.0,0.7
West,Arizona,Bookcases,519.213,-869.2072999999999,18,3,3,3,-1.6740861650228327,0.7000000000000001,1.0,0.7
West,Arizona,Chairs,6499.08,121.6049,52,16,15,6,0.018711094493374446,0.2,0.375,0.2
West,Arizona,Envelopes,214.52,75.1514,28,7,7,0,0.3503235129591646,0.2,0.0,0.2
West,Arizona,Fasteners,101.232,2.0993000000000004,23,6,6,2,0.020737513829619098,0.2,0.3333333333333333,0.2
West,Arizona,Furnishings,2511.648,284.54970000000003,82,21,20,3,0.11329202977487292,0.2,0.14285714285714285,0.2
West,Arizona,Labels,27.464,9.125599999999999,9,3,3,0,0.3322749781532187,0.20000000000000004,0.0,0.2
West,Arizona,Machines,965.9490000000001,-930.941,9,3,3,3,-0.9637579209668419,0.6999999999999998,1.0,0.7
West,Arizona,Paper,2440.7599999999998,842.0394,124,31,27,0,0.3449906586473066,0.2,0.0,0.2
West,Arizona,Phones,7388.776,818.6727999999999,79,23,20,1,0.1107995153730469,0.2,0.043478260869565216,0.2
West,Arizona,Storage,2590.384,-271.1709,78,21,19,11,-0.10468366852173269,0.2,0.5238095238095238,0.2
West,Arizona,Supplies,282.528,-30.1976,16,4,4,2,-0.10688356552270925,0.19999999999999998,0.5,0.2
West,Arizona,Tables,3995.3500000000004,-2281.8701,36,9,9,9,-0.5711314653284443,0.5,1.0,0.5
West,California,Accessories,37255.01,11095.656500000001,568,147,135,0,0.29782991603008563,0.0,0.0,0.0
West,California,Appliances,24175.92,6992.2318,346,94,93,0,0.2892229871707054,0.0,0.0,0.0
West,California,Art,5495.66,1614.8365,644,165,150,0,0.29383850165403247,0.0,0.0,0.0
West,California,Binders,28473.168,10002.1537,1057,276,234,0,0.3512834855608621,0.19999999999999998,0.0,0.2
West,California,Bookcases,27558.5215,1418.9915,198,52,51,17,0.0514901171312837,0.15,0.3269230769230769,0.15
West,California,Chairs,63079.368,2435.9715,466,130,121,42,0.038617563511416285,0.2,0.3230769230769231,0.2
West,California,Copiers,24559.52,7889.8519,60,17,17,0,0.3212543201170055,0.2,0.0,0.2
West,California,Envelopes,3237.3399999999997,1529.4161,149,46,45,0,0.4724298652597503,0.0,0.0,0.0
West,California,Fasteners,479.53,195.7505,148,42,42,0,0.40821325047442286,0.0,0.0,0.0
West,California,Furnishings,19996.48,5611.5606,751,191,176,0,0.280627420425995,0.0,0.0,0.0
West,California,Labels,2899.14,1370.1191000000001,349,83,80,0,0.47259501093427714,0.0,0.0,0.0
West,California,Machines,29492.016000000003,4175.4087,86,23,23,0,0.14157759510234905,0.2,0.0,0.2
West,California,Paper,16757.95,7977.5395,1091,289,249,0,0.47604507114533695,0.0,0.0,0.0
West,California,Phones,67964.536,6309.1197,691,172,161,15,0.0928295854179009,0.20000000000000004,0.0872093023255814,0.2
West,California,Storage,45112.29,7204.1372,637,160,151,0,0.15969344939039892,0.0,0.0,0.0
West,California,Supplies,15720.95,862.2003,145,43,42,0,0.05484403296238458,0.0,0.0,0.0
West,California,Tables,45430.231999999996,-303.558,281,71,69,31,-0.0066818500948883554,0.20000000000000004,0.43661971830985913,0.2
West,Colorado,Accessories,2287.992,224.5594,76,15,14,5,0.09814693408018908,0.19999999999999998,0.3333333333333333,0.2
West,Colorado,Appliances,1367.296,141.4207,38,9,9,0,0.10343093229264183,0.2,0.0,0.2
West,Colorado,Art,210.624,25.0943,32,11,10,0,0.11914264281373443,0.2,0.0,0.2
West,Colorado,Binders,508.968,-379.4919,112,28,20,28,-0.7456105295421322,0.6999999999999998,1.0,0.7
West,Colorado,Bookcases,1583.5230000000001,-2408.9163,41,9,9,9,-1.5212385926822658,0.6999999999999998,1.0,0.7
West,Colorado,Chairs,8244.816,556.5216,53,14,13,2,0.06749957791659632,0.2,0.14285714285714285,0.2
West,Colorado,Copiers,439.992,164.997,1,1,1,0,0.375,0.2,0.0,0.2
West,Colorado,Envelopes,75.6,27.0597,16,5,5,0,0.3579325396825397,0.20000000000000004,0.0,0.2
West,Colorado,Fasteners,44.519999999999996,12.6054,12,4,4,1,0.2831401617250674,0.2,0.25,0.2
West,Colorado,Furnishings,1957.568,144.13590000000002,92,24,19,3,0.07363008590250761,0.2,0.125,0.2
West,Colorado,Labels,17.96,5.9832,5,2,2,0,0.3331403118040089,0.19999999999999998,0.0,0.2
West,Colorado,Machines,3313.6890000000003,-4384.2554,13,3,3,3,-1.3230738913639752,0.7,1.0,0.7
West,Colorado,Paper,883.216,298.58820000000003,64,19,16,0,0.3380692831651601,0.2,0.0,0.2
West,Colorado,Phones,4924.656,523.1145,59,16,13,2,0.10622356160511516,0.2,0.125,0.2
West,Colorado,Storage,3387.168,-212.69979999999998,51,13,12,8,-0.06279576330432975,0.2,0.6153846153846154,0.2
West,Colorado,Supplies,1403.4,-291.69899999999996,14,5,5,1,-0.20785164600256514,0.20000000000000004,0.2,0.2
West,Colorado,Tables,1457.13,-974.8754,14,4,4,4,-0.6690380405317301,0.5,1.0,0.5
West,Idaho,Accessories,89.97,37.7874,3,1,1,0,0.42,0.0,0.0,0.0
West,Idaho,Appliances,227.84,66.0736,4,1,1,0,0.29,0.0,0.0,0.0
West,Idaho,Binders,71.656,24.634700000000002,12,5,5,0,0.3437911689181646,0.19999999999999998,0.0,0.2
West,Idaho,Chairs,338.352,4.2294,3,1,1,0,0.0125,0.2,0.0,0.2
West,Idaho,Furnishings,432.32,110.03080000000001,10,3,3,0,0.25451239822353816,0.0,0.0,0.0
West,Idaho,Paper,172.86,81.322,13,4,3,0,0.47045007520536847,0.0,0.0,0.0
West,Idaho,Phones,747.528,54.3099,9,3,3,0,0.07265266317783414,0.2,0.0,0.2
West,Idaho,Storage,477.15,28.629,5,1,1,0,0.060000000000000005,0.0,0.0,0.0
West,Idaho,Tables,1824.81,419.7063,5,2,2,0,0.23,0.0,0.0,0.0
West,Montana,Accessories,217.44,91.3248,6,1,1,0,0.42,0.0,0.0,0.0
West,Montana,Binders,502.368,157.3984,6,3,3,0,0.31331294986941843,0.2,0.0,0.2
West,Montana,Copiers,2999.95,1379.977,5,1,1,0,0.4600000000000001,0.0,0.0,0.0
West,Montana,Furnishings,63.98,21.7532,7,1,1,0,0.34,0.0,0.0,0.0
West,Montana,Labels,14.62,6.8714,2,1,1,0,0.47000000000000003,0.0,0.0,0.0
West,Montana,Paper,41.0,19.321199999999997,5,2,2,0,0.47124878048780483,0.0,0.0,0.0
West,Montana,Phones,445.544,51.733599999999996,7,2,2,0,0.11611333560770652,0.2,0.0,0.2
West,Montana,Storage,1304.45,104.94890000000001,18,4,3,0,0.08045452106251677,0.0,0.0,0.0
West,Nevada,Accessories,229.55,89.4291,5,2,2,0,0.3895844042692224,0.0,0.0,0.0
West,Nevada,Appliances,95.98,27.212600000000002,9,2,2,0,0.2835236507605751,0.0,0.0,0.0
West,Nevada,Art,214.28,59.5788,16,4,4,0,0.27804181444838527,0.0,0.0,0.0
West,Nevada,Binders,4897.184,1768.4430000000002,32,7,7,0,0.3611142648509838,0.2,0.0,0.2
West,Nevada,Bookcases,141.96,41.1684,2,1,1,0,0.29,0.0,0.0,0.0
West,Nevada,Chairs,674.352,-109.5822,3,1,1,1,-0.1625,0.19999999999999998,1.0,0.2
West,Nevada,Fasteners,4.71,0.0,1,1,1,0,0.0,0.0,0.0,0.0
West,Nevada,Furnishings,463.37999999999994,155.7951,22,5,5,0,0.33621455392982,0.0,0.0,0.0
West,Nevada,Labels,14.94,6.8724,3,1,1,0,0.46,0.0,0.0,0.0
West,Nevada,Machines,2396.4,179.73,10,1,1,0,0.075,0.2,0.0,0.2
West,Nevada,Paper,317.78,153.59199999999998,27,7,6,0,0.48332808861476495,0.0,0.0,0.0
West,Nevada,Phones,2511.056,243.6865,18,3,3,0,0.09704542630670124,0.2,0.0,0.2
West,Nevada,Storage,1325.85,238.653,5,1,1,0,0.18,0.0,0.0,0.0
West,Nevada,Supplies,86.2,24.998,5,1,1,0,0.29,0.0,0.0,0.0
West,Nevada,Tables,3355.48,437.1892,10,2,2,0,0.13029110589245058,0.0,0.0,0.0
West,New Mexico,Accessories,1163.8,264.3373,23,5,5,0,0.22713292661969414,0.0,0.0,0.0
West,New Mexico,Art,276.7,119.3198,17,4,4,0,0.43122443079147094,0.0,0.0,0.0
West,New Mexico,Binders,125.632,45.084,16,5,4,0,0.35885761589403975,0.19999999999999998,0.0,0.2
West,New Mexico,Chairs,1114.192,119.5878,7,2,1,0,0.10733141146229734,0.20000000000000004,0.0,0.2
West,New Mexico,Envelopes,28.4,13.348,5,1,1,0,0.47000000000000003,0.0,0.0,0.0
West,New Mexico,Furnishings,587.22,132.0039,12,2,2,0,0.22479462552365378,0.0,0.0,0.0
West,New Mexico,Labels,18.45,8.6715,5,1,1,0,0.47000000000000003,0.0,0.0,0.0
West,New Mexico,Paper,625.78,298.9394,28,7,5,0,0.47770686183642813,0.0,0.0,0.0
West,New Mexico,Phones,534.1279999999999,72.9455,18,4,4,1,0.13656932420693169,0.20000000000000004,0.25,0.2
West,New Mexico,Storage,279.65999999999997,78.1557,17,4,4,0,0.27946685260673676,0.0,0.0,0.0
West,New Mexico,Supplies,29.560000000000002,4.7232,3,2,2,0,0.15978349120433016,0.0,0.0,0.0
West,Oregon,Accessories,1160.304,152.1385,49,10,9,4,0.1311195169541775,0.2,0.4,0.2
West,Oregon,Appliances,535.768,54.0856,17,6,6,0,0.10094966478027803,0.2,0.0,0.2
West,Oregon,Art,461.76,65.276,51,14,12,0,0.14136347886347886,0.2,0.0,0.2
West,Oregon,Binders,281.064,-198.74110000000002,70,14,14,14,-0.7071026527765918,0.7,1.0,0.7
West,Oregon,Bookcases,356.646,-616.8158000000001,9,3,3,3,-1.7294903069149803,0.7,1.0,0.7
West,Oregon,Chairs,3841.1600000000003,106.10999999999999,27,8,7,4,0.027624467608743188,0.2,0.5,0.2
West,Oregon,Envelopes,49.52,18.0268,10,2,2,0,0.3640306946688207,0.19999999999999998,0.0,0.2
West,Oregon,Fasteners,20.024,0.1695000000000002,8,2,2,1,0.008464842189372762,0.2,0.5,0.2
West,Oregon,Furnishings,468.46400000000006,72.026,15,5,4,1,0.1537492742238464,0.2,0.2,0.2
West,Oregon,Labels,902.112,320.3328,36,6,5,0,0.35509205065446425,0.2,0.0,0.2
West,Oregon,Machines,209.91600000000003,-273.93240000000003,8,2,2,2,-1.3049619847939176,0.7,1.0,0.7
West,Oregon,Paper,953.352,324.058,79,21,16,0,0.3399143233559063,0.2,0.0,0.2
West,Oregon,Phones,4451.336,248.15030000000002,50,15,14,4,0.05574737561936462,0.19999999999999998,0.26666666666666666,0.2
West,Oregon,Storage,1991.1200000000001,-410.7729,32,7,7,3,-0.20630243280163926,0.19999999999999998,0.42857142857142855,0.2
West,Oregon,Supplies,76.744,-1.6846999999999999,20,4,4,2,-0.021952204732617532,0.2,0.5,0.2
West,Oregon,Tables,1671.8600000000001,-1048.8971,18,5,5,5,-0.6273833335327119,0.5,1.0,0.5
West,Utah,Accessories,194.73000000000002,41.322300000000006,19,2,2,0,0.2122030503774457,0.0,0.0,0.0
West,Utah,Appliances,1089.75,305.13,3,1,1,0,0.27999999999999997,0.0,0.0,0.0
West,Utah,Art,100.05,28.8803,10,4,4,0,0.28865867066466766,0.0,0.0,0.0
West,Utah,Binders,759.592,262.25780000000003,43,12,9,0,0.3452614034902948,0.20000000000000004,0.0,0.2
West,Utah,Bookcases,2699.8,218.2624,10,2,2,0,0.08084391436402696,0.0,0.0,0.0
West,Utah,Copiers,1499.95,449.985,5,1,1,0,0.3,0.0,0.0,0.0
West,Utah,Fasteners,10.0,2.5328,7,2,2,0,0.25328,0.0,0.0,0.0
West,Utah,Furnishings,165.17,54.570899999999995,11,3,3,0,0.33039232306108857,0.0,0.0,0.0
West,Utah,Labels,30.15,14.616,10,2,2,0,0.4847761194029851,0.0,0.0,0.0
West,Utah,Paper,1152.28,553.4284,53,11,9,0,0.4802898601034471,0.0,0.0,0.0
West,Utah,Phones,615.2239999999999,90.42779999999999,21,4,4,0,0.14698353770334058,0.20000000000000004,0.0,0.2
West,Utah,Storage,901.58,153.7654,14,6,5,0,0.1705510326316023,0.0,0.0,0.0
West,Utah,Supplies,44.4,12.432,5,1,1,0,0.28,0.0,0.0,0.0
West,Utah,Tables,1957.38,358.92240000000004,8,2,2,0,0.18336878889127303,0.0,0.0,0.0
West,Washington,Accessories,15119.16,4263.2735999999995,198,53,48,0,0.2819782051383807,0.0,0.0,0.0
West,Washington,Appliances,1969.35,591.8608,54,17,16,0,0.30053611597735297,0.0,0.0,0.0
West,Washington,Art,1063.84,320.16790000000003,109,34,31,0,0.30095493683260643,0.0,0.0,0.0
West,Washington,Binders,18156.128,6061.8114000000005,365,86,76,0,0.33387137389646077,0.2,0.0,0.2
West,Washington,Bookcases,3144.46,570.0054,28,10,10,0,0.18127290536371904,0.0,0.0,0.0
West,Washington,Chairs,16386.872,692.9453,119,34,31,12,0.042286612112427555,0.2,0.35294117647058826,0.2
West,Washington,Copiers,20249.829999999998,9442.4242,17,5,5,0,0.46629646767404964,0.0,0.0,0.0
West,Washington,Envelopes,512.72,245.7604,19,6,6,0,0.4793267280386956,0.0,0.0,0.0
West,Washington,Fasteners,263.2,62.033199999999994,64,15,15,0,0.2356884498480243,0.0,0.0,0.0
West,Washington,Furnishings,3426.5,1054.8443,173,49,48,0,0.30784891288486793,0.0,0.0,0.0
West,Washington,Labels,1153.89,560.5303,61,17,17,0,0.48577446723691164,0.0,0.0,0.0
West,Washington,Machines,6066.152,615.0637,21,7,7,0,0.10139272804242294,0.19999999999999998,0.0,0.2
West,Washington,Paper,3318.74,1570.4083,218,59,51,0,0.47319413391829435,0.0,0.0,0.0
West,Washington,Phones,9101.568,698.582,116,35,32,5,0.0767540274379096,0.20000000000000004,0.14285714285714285,0.2
West,Washington,Storage,13163.2,1731.6766,182,49,44,0,0.13155437887443783,0.0,0.0,0.0
West,Washington,Supplies,483.34000000000003,45.274300000000004,30,9,9,0,0.09366967352174453,0.0,0.0,0.0
West,Washington,Tables,25062.32,4875.99,109,21,21,0,0.1945546142575787,0.0,0.0,0.0
West,Wyoming,Chairs,1603.136,100.196,4,1,1,0,0.0625,0.2,0.0,0.2
